Batch_ID,Brew_Date,Beer_Style,SKU,Location,Fermentation_Time,Temperature,pH_Level,Gravity,Alcohol_Content,Bitterness,Color,Ingredient_Ratio,Volume_Produced,Total_Sales,Quality_Score,Brewhouse_Efficiency,Loss_During_Brewing,Loss_During_Fermentation,Loss_During_Bottling_Kegging,Temperature_is_outlier,pH_Level_is_outlier,Fermentation_Time_is_outlier,Gravity_is_outlier,Brewhouse_Efficiency_is_outlier
174131,2020-01-01,Lager,Pints,Whitefield,23,13.7,4.79,1.199,5.1,16,8,1:0.33:0.11,4767,13636.33,9.8,81.45101163528162,1.5,3.0,3.4,False,False,False,False,False
174132,2020-01-01,Lager,Bottles,Yelahanka,24,12.8,4.29,1.201,5.0,28,10,1:0.26:0.14,836,9312.37,9.7,79.13233231518919,2.5,3.5,2.2,False,False,False,False,False
174133,2020-01-01,IPA,Kegs,Yelahanka,7,18.3,4.61,1.255,6.8,49,14,1:0.45:0.17,1375,5975.79,9.8,85.68951903506,2.5,2.7,1.9,False,False,False,False,False
174134,2020-01-02,Wheat Beer,Cans,Indiranagar,10,19.5,4.87,1.195,4.7,26,5,1:0.38:0.12,2086,17518.47,9.9,76.56017235400641,1.5,5.3,1.5,False,False,False,False,False
174135,2020-01-02,Pilsner,Bottles,Marathahalli,19,8.0,4.4,1.183,4.3,20,11,1:0.28:0.11,1819,9883.15,9.8,75.61385481433729,1.8,3.3,4.2,False,False,False,False,False
174136,2020-01-03,Pilsner,Kegs,Yelahanka,20,8.9,4.65,1.198,4.6,25,8,1:0.24:0.2,1493,10391.64,9.2,75.163643449,3.0,4.5,2.7,False,False,False,False,False
174137,2020-01-03,Sour,Pints,Yelahanka,9,18.8,3.49,1.217,5.4,27,10,1:0.21:0.14,2451,8443.5,9.3,79.82599766724411,3.1,5.0,3.3,False,True,False,False,False
174138,2020-01-03,Lager,Bottles,HSR Layout,21,11.9,4.6,1.173,4.4,23,7,1:0.33:0.21,2615,16003.49,10.0,81.36295874273033,2.8,4.9,1.8,False,False,False,False,False
174139,2020-01-03,Pilsner,Kegs,Marathahalli,24,13.4,4.12,1.216,5.6,20,5,1:0.24:0.22,1342,8830.45,9.5,82.75846434377358,1.5,5.8,3.5,False,False,False,False,False
174140,2020-01-06,Lager,Bottles,Whitefield,19,13.2,4.52,1.216,5.8,26,9,1:0.36:0.1,3867,16961.09,10.0,85.84846018866398,1.5,6.4,3.4,False,False,False,False,False
174141,2020-01-07,Ale,Kegs,Koramangala,13,21.2,4.54,1.23,5.8,33,14,1:0.36:0.24,3497,20124.07,9.0,80.21044086512609,1.5,3.7,3.9,False,False,False,False,False
174142,2020-01-08,Ale,Bottles,Indiranagar,8,20.5,4.36,1.222,5.5,33,11,1:0.27:0.13,3406,18612.16,10.0,79.30520940565658,1.9,2.6,3.2,False,False,False,False,False
174143,2020-01-09,Sour,Cans,Jayanagar,13,20.4,3.41,1.212,5.4,34,12,1:0.39:0.17,3076,11308.82,10.0,81.33591666058207,4.4,4.2,3.3,False,True,False,False,False
174144,2020-01-09,Sour,Pints,Marathahalli,10,16.8,3.58,1.196,4.7,38,13,1:0.22:0.12,2727,9018.94,10.0,76.60548501873676,1.5,3.9,2.2,False,False,False,False,False
174145,2020-01-10,Stout,Kegs,Marathahalli,7,17.5,4.34,1.258,6.5,46,17,1:0.28:0.32,2437,18643.78,10.0,80.77768817656033,1.5,2.0,3.4,False,False,False,False,False
174146,2020-01-12,Porter,Cans,Yelahanka,7,23.4,4.33,1.221,5.7,38,14,1:0.28:0.35,1641,13037.09,9.7,82.38781187524116,2.8,4.2,3.0,False,False,False,False,False
174147,2020-01-13,Pilsner,Cans,Rajajinagar,26,9.4,4.87,1.215,5.4,31,7,1:0.31:0.29,2153,10417.97,10.0,81.09958488198373,1.5,4.8,4.2,False,False,False,False,False
174148,2020-01-13,Pilsner,Kegs,HSR Layout,20,9.0,4.1,1.203,4.7,39,10,1:0.28:0.21,3057,11602.97,9.3,74.3340805332305,2.6,4.4,2.6,False,False,False,False,False
174149,2020-01-13,Pilsner,Cans,Whitefield,23,9.2,4.34,1.188,4.6,24,8,1:0.37:0.22,2155,16371.17,10.0,77.76962639119958,2.3,4.7,2.9,False,False,False,False,False
174150,2020-01-14,Porter,Kegs,Whitefield,8,21.0,4.67,1.224,5.5,28,12,1:0.29:0.32,3627,24215.21,9.6,78.55606426278895,1.5,2.0,2.3,False,False,False,False,False
174151,2020-01-15,Sour,Pints,Jayanagar,12,16.8,3.5,1.24,5.6,24,13,1:0.34:0.11,2919,14594.85,9.5,74.85851160333577,2.6,3.5,3.5,False,True,False,False,False
174152,2020-01-17,Stout,Cans,Whitefield,8,19.7,4.27,1.252,6.2,42,16,1:0.22:0.26,4578,22949.22,8.7,78.32160613063328,2.7,3.8,3.4,False,False,False,False,False
174153,2020-01-17,Porter,Pints,Marathahalli,10,19.6,3.74,1.229,5.5,26,16,1:0.21:0.25,2835,13286.7,9.7,76.24928780715459,2.4,4.3,2.7,False,False,False,False,False
174154,2020-01-17,IPA,Kegs,Malleswaram,12,17.6,4.68,1.276,7.2,51,12,1:0.32:0.13,1966,8717.69,10.0,83.25130547331364,1.5,2.9,2.9,False,False,False,False,False
174155,2020-01-20,Sour,Kegs,Malleswaram,11,19.8,3.43,1.186,4.6,35,13,1:0.33:0.17,1717,8973.81,9.4,78.66003446625113,3.7,5.3,2.8,False,True,False,False,False
174156,2020-01-20,Wheat Beer,Pints,Yelahanka,13,21.8,4.7,1.187,4.8,27,7,1:0.27:0.14,938,4947.89,9.2,82.26803683369965,1.5,4.5,3.4,False,False,False,False,False
174157,2020-01-21,Sour,Kegs,Whitefield,20,14.8,3.2,1.23,5.3,32,14,1:0.25:0.29,3619,14574.89,8.6,74.349994055419,2.4,3.3,4.3,False,True,False,False,False
174158,2020-01-21,Sour,Kegs,HSR Layout,8,19.2,3.61,1.209,5.1,28,14,1:0.33:0.22,2268,13943.09,10.0,78.15996035660538,1.5,4.0,3.7,False,False,False,False,False
174159,2020-01-22,Sour,Kegs,Marathahalli,10,17.8,3.62,1.21,5.0,27,12,1:0.23:0.25,2203,11991.03,10.0,76.6822966246454,1.5,3.2,3.4,False,False,False,False,False
174160,2020-01-22,Porter,Cans,Jayanagar,9,21.6,4.87,1.224,5.3,41,16,1:0.22:0.28,1796,16782.87,9.0,75.61523991057553,2.6,4.1,2.8,False,False,False,False,False
174161,2020-01-23,IPA,Kegs,Marathahalli,8,22.4,4.68,1.263,6.5,46,12,1:0.5:0.16,2019,8420.85,10.0,79.61743723408705,2.3,2.8,4.1,False,False,False,False,False
174162,2020-01-24,Porter,Pints,Jayanagar,13,22.9,5.04,1.251,6.1,26,14,1:0.26:0.34,2919,15491.64,8.6,77.26321744286898,2.5,5.0,1.5,False,False,False,False,False
174163,2020-01-26,Ale,Cans,Yelahanka,7,19.3,4.1,1.265,6.1,36,10,1:0.37:0.26,2069,10622.86,9.6,73.28643327703189,3.0,2.0,1.8,False,False,False,False,False
174164,2020-01-28,Stout,Kegs,Indiranagar,12,19.7,4.39,1.319,7.7,52,16,1:0.22:0.21,5000,36323.71,9.3,77.1912582260792,1.6,2.2,3.5,False,False,False,False,False
174165,2020-01-28,Lager,Kegs,HSR Layout,24,8.5,4.8,1.191,4.7,22,6,1:0.26:0.15,2862,12795.14,9.6,79.08565635825944,3.4,4.2,4.0,False,False,False,False,False
174166,2020-01-29,Wheat Beer,Bottles,Marathahalli,12,22.2,4.24,1.197,4.8,25,6,1:0.24:0.29,1735,8211.47,9.0,77.34319325069124,1.7,3.8,2.8,False,False,False,False,False
174167,2020-01-30,Sour,Kegs,Rajajinagar,13,21.3,3.55,1.187,4.6,34,14,1:0.38:0.16,741,12120.62,9.4,78.80585947445975,3.3,4.6,3.0,False,False,False,False,False
174168,2020-01-31,Porter,Kegs,HSR Layout,11,19.2,4.38,1.226,5.6,31,15,1:0.27:0.28,5000,19615.69,9.7,79.05609024299044,2.2,3.4,3.2,False,False,False,False,False
174169,2020-01-31,Lager,Kegs,Indiranagar,19,12.2,4.2,1.204,5.4,26,10,1:0.38:0.19,3770,22516.24,9.7,84.79946158111622,1.6,5.1,2.6,False,False,False,False,False
174170,2020-01-31,Pilsner,Pints,Koramangala,22,13.5,4.76,1.189,4.4,25,8,1:0.25:0.15,2386,17838.6,9.6,74.35692710746382,2.5,4.7,3.5,False,False,False,False,False
174171,2020-02-03,Lager,Bottles,Indiranagar,19,12.1,4.38,1.188,4.5,19,8,1:0.31:0.15,3870,18785.62,9.9,77.50009616268224,2.1,5.2,1.9,False,False,False,False,False
174172,2020-02-03,IPA,Bottles,Malleswaram,10,18.8,4.64,1.248,6.3,53,16,1:0.42:0.19,1582,9164.48,9.3,81.62523283922762,2.7,2.4,2.0,False,False,False,False,False
174173,2020-02-04,Sour,Pints,HSR Layout,9,16.1,3.52,1.205,4.8,26,11,1:0.28:0.14,2127,15599.19,9.5,75.67679392122774,2.8,5.7,3.7,False,True,False,False,False
174174,2020-02-05,Lager,Pints,Malleswaram,24,12.9,4.29,1.186,4.5,33,5,1:0.4:0.2,1757,9259.71,10.0,78.35462731546971,3.8,3.9,2.3,False,False,False,False,False
174175,2020-02-05,Pilsner,Pints,Indiranagar,17,12.1,4.1,1.224,5.8,29,9,1:0.22:0.11,3886,24538.39,9.7,82.21982573985579,2.2,2.4,2.6,False,False,False,False,False
174176,2020-02-06,Stout,Pints,Electronic City,9,19.4,4.26,1.244,5.9,56,19,1:0.21:0.33,2845,18766.11,9.9,77.56684292427803,1.5,3.8,4.1,False,False,False,False,False
174177,2020-02-06,Stout,Bottles,Electronic City,8,19.5,4.61,1.284,6.8,42,18,1:0.28:0.28,4150,17974.19,9.4,76.77268372698087,2.1,7.5,3.0,False,False,False,False,False
174178,2020-02-06,Pilsner,Pints,Whitefield,23,12.2,4.07,1.219,5.3,24,9,1:0.21:0.18,3629,15679.02,9.2,78.02247732813157,1.5,2.0,3.7,False,False,False,False,False
174179,2020-02-07,Sour,Kegs,Marathahalli,12,20.4,3.43,1.191,4.5,24,13,1:0.4:0.21,1838,12431.81,10.0,75.16521055841848,1.9,4.9,2.6,False,True,False,False,False
174180,2020-02-07,Pilsner,Bottles,HSR Layout,19,12.8,4.27,1.182,4.3,39,6,1:0.39:0.27,2461,17048.47,9.9,76.25562427334305,1.5,4.2,2.6,False,False,False,False,False
174181,2020-02-07,Ale,Cans,Yelahanka,8,19.1,4.54,1.242,6.0,45,14,1:0.2:0.24,1789,7976.19,10.0,79.0210978054015,1.5,5.6,3.0,False,False,False,False,False
174182,2020-02-08,Lager,Bottles,Malleswaram,24,13.6,4.69,1.181,4.4,15,8,1:0.34:0.21,1804,9216.6,10.0,78.28335921465653,2.5,2.6,3.2,False,False,False,False,False
174183,2020-02-10,Sour,Pints,Koramangala,11,19.2,3.6,1.232,5.5,26,10,1:0.25:0.23,3366,21532.14,9.7,75.79019860138254,3.1,5.0,3.1,False,False,False,False,False
174184,2020-02-10,Porter,Bottles,Malleswaram,9,20.3,4.83,1.245,6.0,38,14,1:0.21:0.29,2321,12357.61,9.9,77.97609469048689,2.1,4.1,3.0,False,False,False,False,False
174185,2020-02-10,Ale,Pints,Whitefield,10,19.1,4.51,1.245,6.1,48,16,1:0.29:0.29,3092,17625.1,10.0,79.79369597013383,1.5,3.3,1.5,False,False,False,False,False
174186,2020-02-11,Porter,Pints,Electronic City,10,18.7,4.54,1.271,6.4,33,16,1:0.29:0.25,3452,18166.32,9.9,75.94869635734868,2.6,4.5,2.3,False,False,False,False,False
174187,2020-02-11,Stout,Kegs,Indiranagar,10,19.1,4.48,1.299,7.6,48,19,1:0.25:0.24,3408,28041.6,9.6,81.61231721169086,1.5,3.5,2.5,False,False,False,False,False
174188,2020-02-12,Pilsner,Bottles,Whitefield,21,10.4,4.62,1.221,5.6,22,10,1:0.38:0.27,2462,17577.3,9.4,80.9936574168649,1.5,4.1,2.8,False,False,False,False,False
174189,2020-02-13,Porter,Bottles,Koramangala,9,16.9,4.37,1.278,6.6,37,12,1:0.23:0.33,3639,25580.75,8.5,76.10777945438473,1.8,6.3,1.8,False,False,False,False,False
174190,2020-02-13,Stout,Pints,Koramangala,13,19.0,4.73,1.304,6.8,56,16,1:0.26:0.23,4893,25057.66,8.7,71.75821377866322,2.6,2.7,2.6,False,False,False,False,False
174191,2020-02-13,Stout,Pints,Malleswaram,9,20.5,4.73,1.253,6.3,47,18,1:0.28:0.31,2751,15576.92,10.0,79.33176234724182,2.6,4.2,1.9,False,False,False,False,False
174192,2020-02-13,Sour,Pints,Whitefield,12,21.4,3.58,1.183,4.5,32,10,1:0.36:0.21,3967,12307.45,8.5,78.63526062052271,3.0,3.5,2.1,False,False,False,False,False
174193,2020-02-14,Pilsner,Kegs,Whitefield,20,10.6,4.65,1.215,5.1,28,6,1:0.2:0.16,2899,17931.88,10.0,76.42558758066959,3.5,2.0,3.7,False,False,False,False,False
174194,2020-02-14,Stout,Pints,HSR Layout,8,20.1,4.28,1.241,5.7,51,17,1:0.2:0.39,3206,19074.32,9.3,75.30417276252697,2.4,4.7,2.6,False,False,False,False,False
174195,2020-02-14,Stout,Cans,Koramangala,9,21.2,5.05,1.262,6.5,45,16,1:0.29:0.37,3871,28139.68,8.3,79.37231760793829,1.5,4.4,2.1,False,False,False,False,False
174196,2020-02-14,Porter,Kegs,Marathahalli,10,19.5,4.48,1.261,6.2,31,13,1:0.23:0.21,2468,14087.73,9.7,75.31760222534936,1.5,2.5,3.1,False,False,False,False,False
174197,2020-02-14,Sour,Cans,Koramangala,7,19.7,3.74,1.215,5.4,25,10,1:0.38:0.29,3322,16815.85,9.0,80.29428648325589,2.0,4.2,1.5,False,False,False,False,False
174198,2020-02-15,IPA,Pints,HSR Layout,9,17.2,4.06,1.293,7.0,48,11,1:0.32:0.15,1522,11522.71,9.8,76.57934263793737,1.5,4.2,1.5,False,False,False,False,False
174199,2020-02-17,Stout,Cans,Marathahalli,8,17.6,4.66,1.254,6.2,53,18,1:0.21:0.35,3275,15020.1,10.0,78.16682562161311,2.8,2.9,1.8,False,False,False,False,False
174200,2020-02-18,Ale,Pints,HSR Layout,9,21.3,4.3,1.27,6.6,37,15,1:0.35:0.13,3828,14213.89,9.5,77.58307850028595,3.4,3.3,1.8,False,False,False,False,False
174201,2020-02-20,Wheat Beer,Pints,Jayanagar,9,18.9,4.32,1.162,4.1,20,7,1:0.3:0.21,1015,7405.44,10.0,81.51717998883846,1.5,3.7,2.5,False,False,False,False,False
174202,2020-02-20,Ale,Bottles,Jayanagar,12,20.4,4.4,1.247,5.8,33,15,1:0.25:0.27,3836,13812.18,9.4,75.31439967437339,3.4,6.2,1.9,False,False,False,False,False
174203,2020-02-20,Ale,Cans,Malleswaram,13,21.3,4.62,1.276,6.8,45,16,1:0.28:0.14,2596,10443.4,10.0,79.04047949228826,3.3,3.6,2.7,False,False,False,False,False
174204,2020-02-20,Lager,Kegs,Jayanagar,14,15.9,4.43,1.204,5.1,24,10,1:0.31:0.25,3042,15550.84,10.0,79.62956795119169,2.5,5.3,2.6,False,False,False,False,False
174205,2020-02-20,Wheat Beer,Kegs,Jayanagar,12,20.3,4.65,1.169,4.1,22,9,1:0.24:0.16,2000,7657.26,10.0,78.41056622655393,2.6,4.3,3.8,False,False,False,False,False
174206,2020-02-21,Pilsner,Cans,Whitefield,25,12.9,3.94,1.21,4.9,21,9,1:0.4:0.23,3018,16892.22,10.0,75.42216752757945,3.1,3.0,2.6,False,False,False,False,False
174207,2020-02-21,Porter,Cans,Koramangala,13,20.0,4.63,1.244,6.0,38,17,1:0.24:0.3,3938,20266.5,9.8,78.31151619197718,3.3,4.0,1.6,False,False,False,False,False
174208,2020-02-21,Pilsner,Kegs,Whitefield,19,13.4,4.62,1.223,5.5,39,8,1:0.22:0.14,2336,15653.83,9.9,78.66436349345129,2.9,4.6,4.1,False,False,False,False,False
174209,2020-02-21,Porter,Cans,Whitefield,13,22.7,4.67,1.236,5.8,41,12,1:0.23:0.32,4533,22430.79,9.4,78.95833078818653,2.1,4.0,2.5,False,False,False,False,False
174210,2020-02-21,Porter,Pints,Electronic City,7,18.7,4.41,1.228,5.6,33,14,1:0.22:0.24,3046,12855.67,10.0,78.8436951535677,3.2,2.0,1.8,False,False,False,False,False
174211,2020-02-21,Porter,Pints,Indiranagar,7,20.9,4.66,1.26,6.4,25,15,1:0.21:0.33,3807,30901.09,9.4,79.24656655522426,2.5,2.8,4.6,False,False,False,False,False
174212,2020-02-21,IPA,Pints,Rajajinagar,12,18.0,4.48,1.286,7.0,53,13,1:0.35:0.19,1696,10533.74,9.6,78.47055499423905,2.5,2.0,3.9,False,False,False,False,False
174213,2020-02-21,Stout,Pints,Yelahanka,13,22.8,4.03,1.251,6.4,46,18,1:0.29:0.21,2850,13826.5,10.0,81.20045038731011,1.5,5.3,1.8,False,False,False,False,False
174214,2020-02-21,Wheat Beer,Cans,Marathahalli,12,18.9,4.45,1.207,5.2,19,8,1:0.25:0.23,1483,8587.04,10.0,81.15525887540461,1.5,3.9,2.7,False,False,False,False,False
174215,2020-02-22,Porter,Cans,Whitefield,10,21.6,4.48,1.248,6.2,28,13,1:0.22:0.23,3911,21655.8,9.2,79.6545850883688,4.1,4.1,3.6,False,False,False,False,False
174216,2020-02-22,IPA,Kegs,Jayanagar,12,19.5,4.56,1.266,6.5,49,10,1:0.49:0.16,2040,11774.61,9.9,78.25202401969625,3.7,2.2,2.0,False,False,False,False,False
174217,2020-02-23,Porter,Pints,Marathahalli,7,20.1,4.22,1.229,5.5,32,14,1:0.25:0.36,2253,11138.95,10.0,77.04526541872065,2.6,3.9,2.3,False,False,False,False,False
174218,2020-02-24,Lager,Pints,Indiranagar,21,12.4,4.02,1.202,4.7,23,5,1:0.36:0.14,3036,19405.68,9.6,74.06082938325665,2.0,3.9,2.0,False,False,False,False,False
174219,2020-02-26,Lager,Bottles,Rajajinagar,19,14.8,4.69,1.183,4.3,29,11,1:0.22:0.19,2143,9988.41,10.0,75.02450149669129,2.2,4.0,2.1,False,False,False,False,False
174220,2020-02-27,Ale,Kegs,Indiranagar,11,24.0,4.5,1.25,6.3,47,15,1:0.28:0.19,1951,23490.8,9.1,80.1426770002569,3.5,2.4,3.2,False,False,False,False,False
174221,2020-02-27,Ale,Bottles,Jayanagar,8,21.2,4.05,1.237,6.2,47,12,1:0.35:0.23,2560,12130.14,9.8,84.13821064006052,1.5,3.1,3.2,False,False,False,False,False
174222,2020-02-27,Lager,Pints,Rajajinagar,21,11.8,4.62,1.208,5.0,18,11,1:0.4:0.12,2141,13031.09,10.0,77.32574744032026,1.5,4.2,3.1,False,False,False,False,False
174223,2020-02-27,Pilsner,Pints,Indiranagar,24,12.7,4.35,1.207,5.2,35,7,1:0.28:0.17,3828,18422.13,9.7,80.8684558093854,1.5,2.6,3.5,False,False,False,False,False
174224,2020-02-28,Porter,Pints,Jayanagar,13,25.0,4.06,1.242,5.6,44,15,1:0.29:0.25,3410,14687.05,9.2,73.9155657593415,2.8,4.3,3.3,False,False,False,False,False
174225,2020-02-28,IPA,Bottles,Rajajinagar,8,18.8,4.65,1.254,6.4,45,10,1:0.34:0.14,2036,9760.28,9.1,80.78031652873226,2.4,2.5,2.5,False,False,False,False,False
174226,2020-03-02,IPA,Cans,Malleswaram,13,19.6,4.55,1.294,6.9,51,11,1:0.38:0.13,1731,9199.74,8.9,74.83606801592359,3.4,3.5,4.0,False,False,False,False,False
174227,2020-03-02,Wheat Beer,Pints,Rajajinagar,10,20.0,4.09,1.178,4.2,17,9,1:0.25:0.28,2298,8787.31,9.9,76.43842516070686,1.5,3.6,3.5,False,False,False,False,False
174228,2020-03-02,Stout,Bottles,Indiranagar,11,19.7,4.7,1.301,7.7,45,19,1:0.24:0.37,3472,27294.5,10.0,81.33369766230417,2.5,4.9,2.7,False,False,False,False,False
174229,2020-03-03,Stout,Pints,Yelahanka,11,18.2,4.76,1.255,6.2,55,17,1:0.26:0.21,2343,10366.3,9.9,77.5258758342591,3.0,2.6,1.9,False,False,False,False,False
174230,2020-03-05,Pilsner,Kegs,Whitefield,19,12.3,3.98,1.213,5.0,36,8,1:0.4:0.27,3086,13553.84,10.0,75.42654762226104,2.9,3.7,2.4,False,False,False,False,False
174231,2020-03-05,Ale,Kegs,Malleswaram,13,21.9,4.4,1.274,6.8,36,14,1:0.39:0.29,2718,9646.88,9.8,79.90542998294372,1.6,4.7,3.0,False,False,False,False,False
174232,2020-03-05,Sour,Pints,Jayanagar,13,22.1,3.69,1.206,5.0,20,10,1:0.37:0.13,1954,14268.57,9.3,77.06240500767032,1.9,4.7,3.5,False,False,False,False,False
174233,2020-03-06,Porter,Pints,Whitefield,11,19.9,4.54,1.25,6.2,30,12,1:0.25:0.24,2706,16591.54,9.4,78.70542578930689,4.4,6.0,1.5,False,False,False,False,False
174234,2020-03-06,Porter,Pints,Jayanagar,13,20.4,4.57,1.239,5.8,26,17,1:0.24:0.21,3332,16622.82,10.0,77.71456415149464,2.8,4.6,1.7,False,False,False,False,False
174235,2020-03-09,Porter,Kegs,Yelahanka,7,20.5,4.48,1.231,5.8,36,12,1:0.24:0.4,1832,8997.51,10.0,80.27864359117197,1.9,4.6,3.8,False,False,False,False,False
174236,2020-03-09,Sour,Cans,Koramangala,12,19.0,3.54,1.202,5.2,23,10,1:0.25:0.26,4151,16415.2,10.0,81.72993601188763,3.0,2.2,3.2,False,True,False,False,False
174237,2020-03-13,Sour,Pints,Malleswaram,8,19.0,3.58,1.186,4.9,24,13,1:0.29:0.18,1983,9761.54,10.0,84.24236398180396,3.1,2.9,2.3,False,False,False,False,False
174238,2020-03-14,Pilsner,Kegs,Electronic City,23,8.5,4.46,1.214,5.0,30,11,1:0.39:0.3,2212,10611.44,10.0,75.33943945235406,2.7,4.1,2.7,False,False,False,False,False
174239,2020-03-15,Porter,Cans,Jayanagar,8,22.5,5.08,1.255,6.1,28,14,1:0.26:0.34,2442,12231.42,9.4,76.64164749941912,3.4,4.3,3.2,False,False,False,False,False
174240,2020-03-16,IPA,Bottles,Whitefield,10,19.5,4.49,1.296,7.1,53,13,1:0.33:0.13,3109,15259.16,9.8,76.319803017158,3.8,2.7,3.4,False,False,False,False,False
174241,2020-03-16,Sour,Kegs,Marathahalli,7,24.2,3.2,1.206,5.3,28,12,1:0.39:0.22,1824,9225.58,9.8,81.71177774057512,1.8,4.0,5.1,False,True,False,False,False
174242,2020-03-16,Lager,Kegs,Koramangala,26,12.7,4.67,1.181,4.7,28,9,1:0.31:0.25,2617,19189.64,9.0,82.74179262450946,1.5,4.1,2.2,False,False,False,False,False
174243,2020-03-20,Pilsner,Cans,Malleswaram,24,14.5,4.93,1.218,5.1,33,7,1:0.21:0.22,2272,9222.04,8.9,74.04025414320793,2.2,5.5,3.3,False,False,False,False,False
174244,2020-03-20,Stout,Pints,Jayanagar,9,22.0,4.43,1.296,6.9,47,18,1:0.25:0.37,2307,16216.8,10.0,74.9157705033135,2.6,3.4,3.9,False,False,False,False,False
174245,2020-03-20,Wheat Beer,Cans,Indiranagar,9,20.0,4.74,1.166,4.2,21,7,1:0.23:0.29,2790,13634.28,9.4,79.8737972328495,3.8,2.5,2.2,False,False,False,False,False
174246,2020-03-20,Wheat Beer,Pints,Yelahanka,9,21.1,4.79,1.208,5.1,15,8,1:0.22:0.14,1370,8116.71,9.4,79.04692514252679,2.9,2.0,3.1,False,False,False,False,False
174247,2020-03-21,Stout,Pints,Electronic City,11,20.3,4.16,1.28,6.8,46,15,1:0.26:0.34,1963,14599.89,8.5,77.17893543848525,2.9,3.4,3.0,False,False,False,False,False
174248,2020-03-21,Ale,Cans,Rajajinagar,7,19.6,4.49,1.213,5.4,34,16,1:0.25:0.12,2499,11769.89,10.0,81.2818967637755,1.5,3.2,2.6,False,False,False,False,False
174249,2020-03-23,Wheat Beer,Kegs,Koramangala,9,21.8,4.67,1.167,4.1,29,8,1:0.38:0.15,2781,12810.78,9.0,79.0228786893732,1.5,4.1,2.8,False,False,False,False,False
174250,2020-03-24,Sour,Bottles,Rajajinagar,7,20.5,3.51,1.205,5.2,20,12,1:0.32:0.22,1868,12030.45,10.0,81.96863184234596,3.5,2.8,3.3,False,True,False,False,False
174251,2020-03-26,Porter,Pints,Jayanagar,11,16.1,4.4,1.229,5.4,41,16,1:0.24:0.32,2315,13171.67,9.0,75.70670417720027,3.3,3.4,2.8,False,False,False,False,False
174252,2020-03-26,Porter,Kegs,Whitefield,11,25.0,4.17,1.233,6.0,40,12,1:0.25:0.39,3904,13845.15,8.9,81.91433595489553,2.9,3.9,5.1,False,False,False,False,False
174253,2020-03-27,Sour,Bottles,Indiranagar,9,20.7,3.34,1.203,4.7,27,11,1:0.24:0.24,3455,22045.3,8.2,74.03556363449707,2.6,3.8,3.5,False,True,False,False,False
174254,2020-03-27,Lager,Cans,Koramangala,23,11.4,4.9,1.17,4.5,17,7,1:0.25:0.18,3348,15445.84,9.0,83.94664572260818,1.5,5.4,3.4,False,False,False,False,False
174255,2020-03-29,Ale,Pints,Rajajinagar,7,17.2,4.93,1.208,4.5,44,17,1:0.33:0.16,1624,11306.46,9.1,70.0,4.4,4.1,3.4,False,False,False,False,True
174256,2020-03-30,Wheat Beer,Bottles,Yelahanka,7,18.6,4.66,1.181,4.5,20,9,1:0.26:0.25,1263,7401.27,10.0,80.02280475132906,1.5,2.0,4.4,False,False,False,False,False
174257,2020-03-30,Stout,Cans,Rajajinagar,9,20.8,4.25,1.265,6.2,47,19,1:0.21:0.29,2347,12188.23,9.8,74.8494661215862,2.1,2.1,2.8,False,False,False,False,False
174258,2020-03-31,Porter,Cans,Yelahanka,7,21.0,4.81,1.236,5.9,30,12,1:0.3:0.4,1962,10335.98,9.1,79.73077936368513,2.0,2.1,3.7,False,False,False,False,False
174259,2020-04-01,Wheat Beer,Cans,Indiranagar,13,18.8,4.68,1.188,4.4,21,8,1:0.21:0.14,3869,20238.19,9.5,75.79108712814482,3.2,4.6,2.5,False,False,False,False,False
174260,2020-04-01,Pilsner,Pints,Marathahalli,22,14.0,4.61,1.227,5.5,27,11,1:0.25:0.29,2134,11889.38,10.0,77.21241854021815,2.6,4.3,1.6,False,False,False,False,False
174261,2020-04-01,Ale,Kegs,Electronic City,11,21.2,4.55,1.271,6.3,48,15,1:0.38:0.28,2441,10234.84,9.7,74.54548544685149,1.5,4.6,2.3,False,False,False,False,False
174262,2020-04-03,Stout,Pints,Yelahanka,11,22.1,5.11,1.309,7.3,49,17,1:0.24:0.23,1620,6865.83,8.7,75.23616152898067,2.5,3.5,4.1,False,False,False,False,False
174263,2020-04-03,IPA,Pints,Jayanagar,13,23.1,4.96,1.268,6.3,49,13,1:0.47:0.17,3493,13701.62,9.1,75.35805454462198,3.6,4.0,3.4,False,False,False,False,False
174264,2020-04-03,Ale,Cans,Marathahalli,13,20.4,4.7,1.255,6.3,38,15,1:0.32:0.3,1873,11185.54,9.9,79.44842234815223,1.6,5.2,4.1,False,False,False,False,False
174265,2020-04-03,Lager,Kegs,Marathahalli,21,10.2,4.66,1.204,5.0,26,10,1:0.33:0.1,2532,11868.83,9.8,77.51369905717743,2.8,4.0,3.9,False,False,False,False,False
174266,2020-04-03,IPA,Bottles,Marathahalli,10,20.3,4.41,1.261,6.8,50,13,1:0.46:0.13,2167,12564.73,9.1,83.35842817743914,1.5,4.0,2.2,False,False,False,False,False
174267,2020-04-04,Ale,Bottles,HSR Layout,13,21.2,4.42,1.217,5.2,46,16,1:0.33:0.29,2832,14711.75,9.1,75.93801653247098,4.0,5.5,2.5,False,False,False,False,False
174268,2020-04-05,Pilsner,Pints,Yelahanka,19,13.0,3.95,1.202,5.0,21,7,1:0.23:0.12,1144,8109.4,9.3,78.93678300820801,1.9,2.0,2.4,False,False,False,False,False
174269,2020-04-07,Wheat Beer,Cans,HSR Layout,7,22.1,4.09,1.219,5.5,24,8,1:0.22:0.21,2198,12501.52,8.9,79.95294013714243,1.6,2.8,2.8,False,False,False,False,False
174270,2020-04-07,IPA,Kegs,Whitefield,12,20.4,5.31,1.259,6.4,56,17,1:0.35:0.16,3376,15663.09,10.0,78.9685930465188,2.0,4.1,3.5,False,False,False,False,False
174271,2020-04-08,Sour,Cans,HSR Layout,8,18.5,3.73,1.232,5.6,34,14,1:0.34:0.14,3124,14126.39,9.8,77.48981704653887,1.5,3.0,4.2,False,False,False,False,False
174272,2020-04-08,Pilsner,Cans,Marathahalli,25,11.5,4.82,1.204,4.7,27,9,1:0.33:0.15,2691,12059.08,9.8,74.4225556962043,2.6,4.9,2.8,False,False,False,False,False
174273,2020-04-08,Lager,Kegs,Electronic City,20,11.8,4.23,1.178,4.2,16,10,1:0.3:0.28,1928,13036.81,10.0,75.72795207971518,3.8,5.8,1.5,False,False,False,False,False
174274,2020-04-08,Sour,Pints,Jayanagar,11,22.5,3.32,1.228,5.6,39,10,1:0.37:0.12,3739,10678.28,10.0,78.2956130107703,4.4,5.7,3.2,False,True,False,False,False
174275,2020-04-08,Pilsner,Cans,Electronic City,12,15.3,4.31,1.192,4.7,32,11,1:0.28:0.16,1832,11242.26,9.4,77.63871929666179,1.5,3.0,3.0,False,False,False,False,False
174276,2020-04-08,Pilsner,Kegs,Whitefield,18,8.0,4.35,1.232,6.0,37,9,1:0.2:0.25,2870,13585.92,9.5,82.09547825371729,3.6,5.3,4.3,False,False,False,False,False
174277,2020-04-08,Lager,Pints,Malleswaram,23,11.2,4.07,1.212,5.3,23,10,1:0.33:0.15,2325,10837.73,8.7,79.23173148122197,1.5,4.4,2.5,False,False,False,False,False
174278,2020-04-09,Ale,Pints,HSR Layout,8,21.8,4.97,1.231,5.7,40,16,1:0.35:0.21,3221,14819.92,9.7,79.45448018859041,1.6,4.8,1.9,False,False,False,False,False
174279,2020-04-09,Porter,Pints,Koramangala,12,20.2,4.43,1.245,5.9,41,16,1:0.24:0.2,2945,21619.82,9.8,77.60157418810262,2.3,4.0,2.7,False,False,False,False,False
174280,2020-04-10,Sour,Pints,Marathahalli,8,20.7,3.61,1.235,5.9,23,11,1:0.22:0.28,2777,9477.02,10.0,80.23976875991137,1.5,2.0,3.3,False,False,False,False,False
174281,2020-04-10,Wheat Beer,Pints,Rajajinagar,8,19.4,4.8,1.216,4.9,22,6,1:0.38:0.21,2040,11435.63,9.5,73.04519660010712,1.6,4.0,2.8,False,False,False,False,False
174282,2020-04-10,Wheat Beer,Bottles,Malleswaram,8,21.6,4.74,1.171,4.1,22,9,1:0.37:0.22,1921,9720.64,9.8,76.40134730170588,3.8,3.4,3.3,False,False,False,False,False
174283,2020-04-10,Stout,Cans,Electronic City,7,20.9,5.0,1.315,7.9,59,15,1:0.21:0.23,1848,10989.11,9.4,80.1250463884027,1.6,4.3,2.0,False,False,False,False,False
174284,2020-04-12,Ale,Bottles,HSR Layout,8,22.3,5.05,1.244,5.5,46,12,1:0.26:0.28,3789,15797.18,8.8,72.24687023788222,1.9,4.6,3.0,False,False,False,False,False
174285,2020-04-13,Ale,Cans,Rajajinagar,7,22.5,4.45,1.262,6.4,42,14,1:0.36:0.27,2323,13507.83,9.1,77.85095180742267,1.5,3.8,2.9,False,False,False,False,False
174286,2020-04-13,Porter,Bottles,Yelahanka,11,16.5,4.67,1.235,5.5,33,13,1:0.29:0.24,1082,8111.94,9.8,74.30150932789833,1.7,3.2,4.3,False,False,False,False,False
174287,2020-04-14,IPA,Pints,Rajajinagar,7,17.3,4.35,1.243,6.2,50,11,1:0.35:0.11,2682,13045.99,9.7,81.23784211482422,2.2,3.2,3.4,False,False,False,False,False
174288,2020-04-14,Wheat Beer,Bottles,HSR Layout,13,21.5,4.71,1.178,4.4,17,8,1:0.36:0.28,2934,14431.62,8.9,79.59911127866013,4.0,3.8,2.4,False,False,False,False,False
174289,2020-04-15,Ale,Bottles,Indiranagar,11,19.4,4.28,1.241,5.8,40,16,1:0.28:0.22,3263,22929.72,8.7,77.15349555679103,1.7,3.9,3.4,False,False,False,False,False
174290,2020-04-17,Stout,Cans,Yelahanka,10,19.1,4.41,1.273,6.9,53,19,1:0.22:0.39,1522,9098.65,9.2,80.87759042598996,1.5,3.2,2.5,False,False,False,False,False
174291,2020-04-20,IPA,Cans,Electronic City,9,19.4,4.24,1.29,7.5,51,17,1:0.47:0.2,1923,10378.7,9.2,82.47610029568969,1.5,2.8,1.9,False,False,False,False,False
174292,2020-04-21,Sour,Pints,Koramangala,12,17.7,3.2,1.189,4.3,24,11,1:0.36:0.28,2992,18684.38,8.7,73.64973367585237,2.4,3.5,4.1,False,True,False,False,False
174293,2020-04-21,Ale,Pints,Electronic City,13,19.2,4.95,1.228,5.8,35,12,1:0.2:0.25,2132,15394.23,10.0,81.2631798277245,1.7,4.3,2.2,False,False,False,False,False
174294,2020-04-22,Porter,Bottles,Yelahanka,7,18.5,4.61,1.232,5.6,34,14,1:0.23:0.39,1681,9191.26,9.7,77.81267147166596,3.2,4.6,2.8,False,False,False,False,False
174295,2020-04-22,Pilsner,Bottles,Marathahalli,23,12.7,4.82,1.183,4.5,22,8,1:0.36:0.27,1773,11991.26,9.5,78.64162358407802,1.6,3.3,3.3,False,False,False,False,False
174296,2020-04-23,Sour,Cans,Electronic City,9,19.7,3.49,1.182,4.3,35,10,1:0.36:0.15,1945,11889.18,10.0,76.29955947140392,3.4,3.8,2.4,False,True,False,False,False
174297,2020-04-23,Sour,Cans,Whitefield,13,19.9,3.51,1.192,4.6,31,14,1:0.36:0.12,2336,17107.92,9.4,76.74985951666537,2.8,4.2,2.2,False,True,False,False,False
174298,2020-04-24,Ale,Cans,Koramangala,12,21.7,4.39,1.222,5.2,43,11,1:0.37:0.27,4176,21701.56,10.0,75.29298997461773,2.8,4.8,3.5,False,False,False,False,False
174299,2020-04-24,Wheat Beer,Pints,Electronic City,11,19.7,4.36,1.182,4.6,20,6,1:0.24:0.26,1937,10169.18,9.2,80.24600933129972,3.5,2.6,3.2,False,False,False,False,False
174300,2020-04-24,Ale,Cans,Marathahalli,12,19.1,4.07,1.27,6.6,44,10,1:0.29:0.16,2263,9600.47,9.8,77.70180570210033,1.5,4.2,4.5,False,False,False,False,False
174301,2020-04-24,Wheat Beer,Pints,Rajajinagar,18,14.1,4.38,1.188,4.5,16,7,1:0.36:0.15,2570,12438.27,8.5,77.06826383830159,1.5,2.0,3.4,False,False,False,False,False
174302,2020-04-26,Wheat Beer,Bottles,Jayanagar,10,20.4,4.88,1.196,4.8,29,6,1:0.2:0.14,2401,14515.61,10.0,78.52862571876322,1.5,2.1,2.8,False,False,False,False,False
174303,2020-04-27,IPA,Kegs,Indiranagar,9,21.3,4.36,1.281,6.9,45,15,1:0.37:0.19,4538,22849.72,10.0,79.24967100316722,3.7,4.9,1.8,False,False,False,False,False
174304,2020-04-30,Wheat Beer,Kegs,Yelahanka,8,22.7,4.71,1.175,4.4,20,9,1:0.39:0.16,2125,8656.03,9.2,80.01740789223552,2.3,3.6,1.5,False,False,False,False,False
174305,2020-05-01,Porter,Cans,Koramangala,10,21.1,4.96,1.26,6.4,28,17,1:0.26:0.28,3188,20698.16,9.9,78.52193959142811,3.2,2.3,2.9,False,False,False,False,False
174306,2020-05-01,Porter,Bottles,Koramangala,10,21.3,4.43,1.229,6.0,30,15,1:0.3:0.31,2215,19655.59,8.8,84.51654536431018,2.4,4.3,3.7,False,False,False,False,False
174307,2020-05-01,Ale,Kegs,Rajajinagar,13,21.0,4.85,1.245,5.7,36,15,1:0.39:0.12,1689,12388.49,9.0,74.7540583327727,1.8,4.1,5.0,False,False,False,False,False
174308,2020-05-01,Porter,Pints,Koramangala,12,17.4,4.27,1.226,5.6,32,16,1:0.3:0.24,3301,19559.44,8.8,79.39054522377856,2.6,2.5,2.8,False,False,False,False,False
174309,2020-05-01,Wheat Beer,Cans,Koramangala,13,21.8,4.48,1.165,4.2,17,8,1:0.39:0.15,3809,21041.45,9.0,81.60702476137884,3.1,4.3,1.8,False,False,False,False,False
174310,2020-05-01,Lager,Kegs,Electronic City,22,10.2,4.6,1.204,5.2,27,8,1:0.22:0.19,2489,9106.08,9.1,81.1769532126575,2.2,5.8,3.5,False,False,False,False,False
174311,2020-05-03,Sour,Bottles,Malleswaram,12,20.9,3.35,1.213,5.1,35,12,1:0.35:0.16,1711,8410.4,9.6,76.91101916605108,4.9,3.0,2.1,False,True,False,False,False
174312,2020-05-04,Porter,Bottles,Indiranagar,9,21.3,4.12,1.276,7.2,26,14,1:0.26:0.3,3028,22271.43,8.9,83.82096245902066,1.5,5.9,3.7,False,False,False,False,False
174313,2020-05-05,Ale,Bottles,Jayanagar,12,20.3,3.89,1.273,6.9,43,14,1:0.28:0.22,2904,12100.22,10.0,80.93342720925455,1.5,3.5,3.4,False,False,False,False,False
174314,2020-05-05,Lager,Bottles,Rajajinagar,22,8.0,4.15,1.181,4.4,32,8,1:0.25:0.24,1427,9566.63,9.4,78.51748748503377,3.1,3.7,3.9,False,False,False,False,False
174315,2020-05-05,Porter,Pints,Jayanagar,12,18.6,4.44,1.243,6.0,39,16,1:0.2:0.39,2979,15363.74,10.0,78.4902394003565,4.1,2.6,2.9,False,False,False,False,False
174316,2020-05-06,Wheat Beer,Bottles,Malleswaram,10,16.4,4.95,1.178,4.2,26,9,1:0.31:0.24,2110,9281.6,9.1,75.16407373021647,2.6,5.5,3.5,False,False,False,False,False
174317,2020-05-07,Sour,Bottles,Electronic City,9,19.5,3.67,1.204,5.1,35,12,1:0.35:0.23,2312,13650.16,9.8,79.68928412899638,1.8,2.3,2.2,False,False,False,False,False
174318,2020-05-07,Lager,Pints,Indiranagar,23,11.9,4.25,1.211,5.2,32,6,1:0.27:0.11,3636,23271.94,10.0,78.4826642591562,2.1,4.0,1.5,False,False,False,False,False
174319,2020-05-07,Stout,Kegs,Jayanagar,7,20.3,4.61,1.268,6.6,41,18,1:0.27:0.27,1410,11836.3,9.6,78.75383628940646,1.9,3.4,5.1,False,False,False,False,False
174320,2020-05-08,Stout,Cans,HSR Layout,8,18.7,4.25,1.304,6.7,41,18,1:0.23:0.37,2174,9550.2,9.2,70.25759539519476,3.7,3.2,2.8,False,False,False,False,True
174321,2020-05-08,Pilsner,Bottles,Koramangala,18,11.2,4.63,1.221,5.6,29,7,1:0.34:0.16,4233,19969.81,9.7,81.44283623817118,1.5,3.9,1.8,False,False,False,False,False
174322,2020-05-08,Pilsner,Cans,Koramangala,24,8.0,5.12,1.188,4.5,23,7,1:0.26:0.18,5000,23067.12,9.3,76.61613886111748,4.2,4.1,3.6,False,False,False,False,False
174323,2020-05-08,Ale,Cans,Marathahalli,7,17.3,4.69,1.254,6.2,33,10,1:0.28:0.16,2297,8705.72,9.2,77.81766391617961,2.4,3.1,3.6,False,False,False,False,False
174324,2020-05-08,Porter,Pints,Rajajinagar,10,23.6,4.2,1.24,5.9,38,12,1:0.21:0.28,2938,9742.83,9.0,78.95401913794221,2.8,2.9,1.5,False,False,False,False,False
174325,2020-05-10,Stout,Bottles,Yelahanka,8,19.6,4.83,1.275,6.8,54,15,1:0.29:0.34,1213,8267.0,9.1,78.86642860443135,3.1,4.2,3.8,False,False,False,False,False
174326,2020-05-11,Lager,Bottles,Malleswaram,24,13.4,4.93,1.185,4.7,15,7,1:0.38:0.22,1695,10893.42,10.0,80.49139851130701,2.0,4.0,3.4,False,False,False,False,False
174327,2020-05-12,IPA,Bottles,Koramangala,9,19.1,4.2,1.25,6.3,51,15,1:0.36:0.15,3678,22743.23,9.5,81.15117002217788,3.3,2.2,1.5,False,False,False,False,False
174328,2020-05-12,IPA,Cans,HSR Layout,8,24.2,4.98,1.244,5.9,59,17,1:0.3:0.13,3178,16278.91,9.6,76.93878735550489,1.5,4.2,2.7,False,False,False,False,False
174329,2020-05-13,Wheat Beer,Kegs,Indiranagar,7,18.4,4.38,1.185,4.5,15,8,1:0.29:0.22,3378,22600.59,9.8,78.6089860131729,1.5,3.7,3.5,False,False,False,False,False
174330,2020-05-14,Porter,Pints,Indiranagar,9,19.8,4.11,1.258,6.1,41,15,1:0.27:0.29,3905,23859.68,10.0,75.78793015378817,1.5,3.6,2.8,False,False,False,False,False
174331,2020-05-14,Pilsner,Pints,Whitefield,18,12.4,4.33,1.19,4.9,37,6,1:0.29:0.14,3031,21153.43,9.9,81.79790867125885,3.8,2.0,2.2,False,False,False,False,False
174332,2020-05-14,Wheat Beer,Pints,Whitefield,10,21.2,5.0,1.182,4.5,29,8,1:0.29:0.28,4182,18389.11,10.0,80.0350159465854,3.2,3.7,3.6,False,False,False,False,False
174333,2020-05-15,Ale,Bottles,Jayanagar,13,21.5,4.6,1.226,5.5,38,15,1:0.36:0.13,2039,11391.88,9.5,78.24402000196793,1.5,3.0,4.4,False,False,False,False,False
174334,2020-05-15,Lager,Cans,Whitefield,23,9.3,4.38,1.217,5.4,28,6,1:0.22:0.2,3415,16068.38,10.0,79.51263638118728,2.8,2.6,2.6,False,False,False,False,False
174335,2020-05-15,Wheat Beer,Cans,Indiranagar,8,21.8,4.31,1.198,4.8,20,7,1:0.33:0.17,3067,23020.95,9.7,77.84866557569093,2.2,3.6,3.2,False,False,False,False,False
174336,2020-05-15,Wheat Beer,Bottles,Yelahanka,9,19.5,4.64,1.175,4.6,26,8,1:0.36:0.25,3049,8051.32,9.5,83.7482931170713,1.5,2.8,3.5,False,False,False,False,False
174337,2020-05-17,Lager,Cans,Electronic City,23,13.8,4.5,1.172,4.4,21,10,1:0.33:0.14,2191,12315.78,9.9,82.5598530253875,2.7,2.8,2.2,False,False,False,False,False
174338,2020-05-18,IPA,Cans,Yelahanka,13,19.9,4.49,1.25,6.0,55,11,1:0.34:0.1,1535,11978.84,9.3,76.35570708297517,2.6,3.8,4.2,False,False,False,False,False
174339,2020-05-19,Stout,Kegs,Whitefield,10,24.6,5.06,1.314,7.1,56,18,1:0.22:0.3,2265,9416.54,8.3,72.33009400440088,2.2,4.6,4.4,False,False,False,False,False
174340,2020-05-20,Ale,Bottles,Yelahanka,13,18.2,4.25,1.269,6.8,31,17,1:0.37:0.11,1771,8832.31,9.7,80.50644368226382,2.3,3.7,1.5,False,False,False,False,False
174341,2020-05-21,Porter,Cans,HSR Layout,12,19.3,4.56,1.256,6.7,44,16,1:0.24:0.33,2441,13023.7,10.0,84.14490303008604,2.8,3.2,2.1,False,False,False,False,False
174342,2020-05-22,Porter,Bottles,Jayanagar,7,18.3,4.83,1.246,5.7,44,14,1:0.22:0.34,1795,14993.81,9.7,74.50828846516166,2.1,4.1,3.3,False,False,False,False,False
174343,2020-05-22,Pilsner,Bottles,HSR Layout,20,11.4,4.93,1.217,5.5,28,11,1:0.3:0.15,2327,17308.6,8.8,80.44383913318899,3.2,3.0,2.2,False,False,False,False,False
174344,2020-05-22,Pilsner,Pints,Marathahalli,19,12.6,4.49,1.209,5.0,25,10,1:0.33:0.1,2561,14270.94,10.0,76.7088812722867,2.6,4.8,2.6,False,False,False,False,False
174345,2020-05-22,Sour,Kegs,Jayanagar,12,16.6,3.7,1.18,4.2,20,10,1:0.35:0.25,2251,10170.27,8.9,74.64194173753809,2.7,2.3,3.2,False,False,False,False,False
174346,2020-05-22,Wheat Beer,Cans,Rajajinagar,7,20.5,5.01,1.217,5.5,16,6,1:0.22:0.19,1958,10745.07,9.6,80.74203110321879,1.5,4.3,2.4,False,False,False,False,False
174347,2020-05-22,Porter,Kegs,Jayanagar,10,18.2,4.47,1.264,6.3,40,15,1:0.22:0.39,1854,14640.13,9.8,76.49982199402213,1.6,2.0,3.2,False,False,False,False,False
174348,2020-05-22,Pilsner,Pints,Koramangala,22,12.1,4.57,1.226,5.8,32,8,1:0.3:0.11,3635,28044.13,9.8,81.98845595062917,3.4,5.5,3.4,False,False,False,False,False
174349,2020-05-22,Pilsner,Kegs,Yelahanka,19,9.3,4.31,1.19,4.7,32,11,1:0.25:0.27,2379,12357.73,10.0,78.67459884701637,3.0,5.0,3.5,False,False,False,False,False
174350,2020-05-23,Pilsner,Bottles,Yelahanka,14,15.1,4.46,1.213,5.2,20,5,1:0.29:0.26,2798,12782.11,10.0,78.34813018242409,2.4,4.5,3.5,False,False,False,False,False
174351,2020-05-23,IPA,Bottles,Marathahalli,11,21.4,4.21,1.252,6.1,59,16,1:0.43:0.2,2251,11728.14,9.9,77.75951871765575,3.2,2.2,4.1,False,False,False,False,False
174352,2020-05-23,Stout,Bottles,Electronic City,10,19.0,4.65,1.281,6.6,52,15,1:0.26:0.39,1400,7567.12,9.4,75.0914307175407,3.6,3.8,2.3,False,False,False,False,False
174353,2020-05-23,Wheat Beer,Kegs,Electronic City,11,17.2,4.4,1.175,4.5,22,5,1:0.38:0.22,3010,13975.25,10.0,82.0492970403943,1.5,3.2,5.4,False,False,False,False,False
174354,2020-05-24,Wheat Beer,Cans,Malleswaram,11,18.1,4.82,1.18,4.4,23,5,1:0.34:0.2,3378,10065.34,9.8,77.7585754849578,2.3,2.8,2.9,False,False,False,False,False
174355,2020-05-25,Stout,Bottles,Koramangala,8,16.0,4.59,1.276,7.1,42,16,1:0.28:0.31,2547,14740.06,8.8,82.44029094640804,1.9,4.7,2.3,False,False,False,False,False
174356,2020-05-25,Stout,Pints,Marathahalli,12,20.9,4.89,1.299,7.4,55,19,1:0.29:0.35,1485,8254.42,10.0,79.51663750565939,3.7,5.4,1.5,False,False,False,False,False
174357,2020-05-26,IPA,Kegs,Electronic City,12,18.6,4.8,1.269,6.6,59,12,1:0.39:0.13,2243,14021.51,9.8,79.07663048626816,2.0,4.2,4.4,False,False,False,False,False
174358,2020-05-26,Lager,Cans,Electronic City,23,11.5,4.4,1.17,4.1,23,11,1:0.25:0.23,2588,12169.18,10.0,77.5369903678409,1.5,3.8,3.8,False,False,False,False,False
174359,2020-05-26,Lager,Pints,Whitefield,20,10.6,4.51,1.194,4.9,18,10,1:0.35:0.2,3440,15491.43,9.2,80.55519535703971,1.5,4.9,3.0,False,False,False,False,False
174360,2020-05-26,Wheat Beer,Kegs,Marathahalli,13,22.7,4.17,1.186,4.8,24,9,1:0.33:0.15,2338,12834.7,9.6,82.26601550827478,3.6,2.6,4.0,False,False,False,False,False
174361,2020-05-26,Lager,Pints,Malleswaram,23,8.2,4.51,1.181,4.6,23,6,1:0.22:0.16,2307,9977.73,8.6,81.39594009692304,1.5,4.3,3.0,False,False,False,False,False
174362,2020-05-27,IPA,Cans,HSR Layout,11,20.7,4.53,1.247,6.4,56,10,1:0.35:0.13,2749,13900.5,8.9,82.39513300538118,2.3,3.6,1.5,False,False,False,False,False
174363,2020-05-27,Lager,Cans,Marathahalli,20,10.7,4.54,1.213,5.2,32,9,1:0.31:0.13,1030,11031.96,9.4,78.6073787659699,1.8,4.0,1.6,False,False,False,False,False
174364,2020-05-27,Stout,Cans,Marathahalli,12,20.3,4.35,1.279,6.9,49,19,1:0.22:0.34,2365,6775.9,9.3,79.6457354286925,2.4,3.6,1.5,False,False,False,False,False
174365,2020-05-28,Stout,Kegs,Electronic City,12,19.7,4.38,1.318,7.8,50,16,1:0.27:0.21,2203,9247.31,9.3,78.35165741698293,1.5,2.0,5.0,False,False,False,False,False
174366,2020-05-29,Ale,Kegs,Electronic City,9,23.2,4.07,1.246,5.6,47,15,1:0.28:0.21,2795,11153.77,8.9,73.16324447389184,1.5,3.7,3.9,False,False,False,False,False
174367,2020-05-29,Sour,Pints,Indiranagar,8,22.1,3.27,1.225,5.9,35,10,1:0.28:0.14,1512,17069.05,9.5,84.41003005817264,1.5,2.9,1.8,False,True,False,False,False
174368,2020-05-29,Wheat Beer,Kegs,Indiranagar,10,20.7,4.57,1.218,5.3,27,9,1:0.28:0.28,3281,24874.09,9.1,78.19998701032357,2.4,4.3,3.7,False,False,False,False,False
174369,2020-05-29,Pilsner,Bottles,Marathahalli,21,12.4,4.21,1.196,4.6,29,11,1:0.32:0.24,2552,10272.39,9.0,75.56001950477943,1.5,5.6,3.5,False,False,False,False,False
174370,2020-05-29,Sour,Bottles,HSR Layout,7,16.8,3.43,1.239,6.0,27,14,1:0.37:0.25,2590,11443.47,9.6,80.60713981635921,1.6,3.1,4.0,False,True,False,False,False
174371,2020-06-01,Pilsner,Pints,Marathahalli,20,12.1,4.76,1.2,5.0,22,9,1:0.28:0.1,2641,11611.82,9.3,79.57149556523257,1.5,2.0,4.3,False,False,False,False,False
174372,2020-06-01,IPA,Pints,Jayanagar,12,18.3,4.01,1.257,6.0,56,15,1:0.37:0.18,3106,13814.93,9.2,74.72068257910365,2.0,4.8,2.7,False,False,False,False,False
174373,2020-06-02,Pilsner,Cans,Yelahanka,26,9.8,4.43,1.189,4.8,36,7,1:0.37:0.29,1415,11448.29,10.0,81.36790117392053,2.0,3.0,4.1,False,False,False,False,False
174374,2020-06-03,Lager,Bottles,Rajajinagar,25,11.4,4.53,1.219,5.2,33,7,1:0.28:0.25,3446,14947.71,10.0,76.6298791081876,2.3,4.3,4.1,False,False,False,False,False
174375,2020-06-04,Pilsner,Pints,Rajajinagar,22,12.6,4.27,1.209,5.0,23,11,1:0.31:0.22,2904,14611.92,10.0,76.72217843504691,2.0,4.1,2.4,False,False,False,False,False
174376,2020-06-05,Pilsner,Bottles,Marathahalli,23,9.7,4.62,1.217,5.1,38,9,1:0.24:0.14,2497,11924.4,9.5,75.25973597741522,1.8,2.0,2.4,False,False,False,False,False
174377,2020-06-06,Sour,Bottles,Whitefield,7,18.7,3.31,1.191,4.3,36,10,1:0.29:0.11,3589,13995.62,9.6,71.75120711296634,2.5,2.0,2.7,False,True,False,False,False
174378,2020-06-08,IPA,Bottles,Koramangala,10,22.8,4.6,1.269,6.5,54,16,1:0.37:0.17,3963,17425.53,9.5,76.86427912768038,1.5,2.0,3.3,False,False,False,False,False
174379,2020-06-08,Pilsner,Kegs,Jayanagar,23,9.8,4.65,1.193,4.8,39,8,1:0.28:0.13,1394,18526.84,8.7,78.95472607344568,1.8,3.1,4.3,False,False,False,False,False
174380,2020-06-08,Porter,Pints,Marathahalli,7,20.1,4.67,1.221,5.3,26,17,1:0.25:0.23,2436,11863.54,9.1,76.36942342307422,3.3,6.1,4.6,False,False,False,False,False
174381,2020-06-08,Stout,Bottles,Malleswaram,7,19.3,4.34,1.264,6.6,49,15,1:0.26:0.21,1316,5848.42,9.9,79.7214469202343,1.5,4.1,3.0,False,False,False,False,False
174382,2020-06-08,Ale,Kegs,Koramangala,9,19.9,4.45,1.246,6.3,48,14,1:0.28:0.21,2866,21217.32,9.8,82.35889666944965,2.5,3.7,2.0,False,False,False,False,False
174383,2020-06-09,IPA,Kegs,Marathahalli,11,24.4,4.41,1.296,6.9,46,16,1:0.31:0.16,1366,10391.63,8.2,74.92792705916422,1.5,3.8,4.0,False,False,False,False,False
174384,2020-06-09,Wheat Beer,Bottles,Indiranagar,13,23.9,4.54,1.218,5.2,23,8,1:0.23:0.19,4814,24955.4,9.2,76.62967479495664,1.5,2.7,3.5,False,False,False,False,False
174385,2020-06-09,Pilsner,Kegs,Electronic City,25,11.0,4.48,1.203,5.0,31,6,1:0.21:0.18,3137,11464.45,8.7,78.01277781110792,1.8,5.2,3.4,False,False,False,False,False
174386,2020-06-10,Pilsner,Cans,Jayanagar,16,15.2,4.23,1.202,5.2,22,7,1:0.24:0.17,4034,14273.57,9.0,82.07181177250503,1.5,2.6,2.9,False,False,False,False,False
174387,2020-06-10,Pilsner,Kegs,Whitefield,19,10.4,4.59,1.23,5.7,22,8,1:0.35:0.18,3847,22958.24,9.8,79.48028995760471,1.5,2.6,5.0,False,False,False,False,False
174388,2020-06-11,Stout,Pints,Rajajinagar,7,19.2,4.45,1.319,8.0,52,18,1:0.28:0.37,1380,8052.29,10.0,80.2083327573843,1.5,3.4,3.7,False,False,False,False,False
174389,2020-06-11,Pilsner,Bottles,Malleswaram,14,17.0,4.54,1.218,5.2,29,6,1:0.25:0.12,1711,11937.92,9.2,76.76521192725701,1.9,6.1,2.8,False,False,False,False,False
174390,2020-06-12,Ale,Bottles,HSR Layout,10,19.8,4.31,1.211,5.0,46,14,1:0.2:0.21,2972,12085.02,10.0,76.60370047842098,3.1,4.0,2.5,False,False,False,False,False
174391,2020-06-12,IPA,Bottles,Marathahalli,10,21.4,4.74,1.255,6.6,46,15,1:0.5:0.13,1753,11713.25,8.7,83.29813537457103,1.5,3.8,2.4,False,False,False,False,False
174392,2020-06-15,Wheat Beer,Bottles,HSR Layout,11,25.0,4.06,1.188,4.5,25,9,1:0.33:0.26,4210,16717.26,8.8,75.98081690291771,2.8,4.7,3.7,False,False,False,False,False
174393,2020-06-15,Ale,Pints,Yelahanka,8,18.8,5.33,1.275,6.8,48,16,1:0.33:0.25,1843,10722.16,9.8,79.56494069985435,2.4,3.4,3.4,False,False,False,False,False
174394,2020-06-16,Ale,Pints,Koramangala,9,22.7,4.9,1.243,5.8,36,10,1:0.39:0.14,3168,18050.67,9.5,75.82831469903583,3.3,3.8,2.5,False,False,False,False,False
174395,2020-06-16,Pilsner,Pints,Malleswaram,19,13.8,4.58,1.183,4.6,25,5,1:0.2:0.13,1586,11124.77,10.0,80.4690916402584,2.5,4.5,1.9,False,False,False,False,False
174396,2020-06-18,Sour,Kegs,Yelahanka,8,20.0,3.57,1.22,5.1,25,11,1:0.23:0.23,1586,8238.57,9.3,73.64875319504685,1.5,4.1,1.9,False,False,False,False,False
174397,2020-06-18,IPA,Bottles,Koramangala,11,22.4,4.69,1.251,6.4,49,15,1:0.41:0.12,3506,15407.34,8.9,81.24536699725256,1.7,4.6,2.9,False,False,False,False,False
174398,2020-06-19,Ale,Cans,Indiranagar,10,16.7,4.38,1.246,5.4,34,11,1:0.34:0.25,3093,16960.52,8.9,70.0,1.8,4.6,3.1,False,False,False,False,True
174399,2020-06-19,Stout,Bottles,Indiranagar,8,20.8,4.56,1.305,7.4,44,18,1:0.22:0.32,2178,16681.97,10.0,77.52914646921292,1.8,4.7,1.7,False,False,False,False,False
174400,2020-06-19,IPA,Bottles,HSR Layout,10,18.9,4.3,1.243,5.9,57,10,1:0.45:0.11,3115,15350.71,8.9,78.22416662173518,1.5,4.1,2.6,False,False,False,False,False
174401,2020-06-19,Pilsner,Pints,Jayanagar,22,13.9,4.45,1.193,4.8,36,6,1:0.36:0.29,4064,17310.75,9.0,80.05004859895121,2.5,2.2,3.0,False,False,False,False,False
174402,2020-06-19,Wheat Beer,Cans,Indiranagar,8,21.7,3.95,1.191,4.8,19,7,1:0.22:0.11,4866,30692.58,9.6,80.99991162471242,1.5,3.3,3.7,False,False,False,False,False
174403,2020-06-20,IPA,Kegs,Electronic City,11,24.2,4.63,1.248,6.2,59,15,1:0.36:0.17,1001,12045.42,9.1,79.71660546589577,1.5,3.5,3.5,False,False,False,False,False
174404,2020-06-21,Wheat Beer,Pints,HSR Layout,9,18.2,4.28,1.215,5.4,18,8,1:0.39:0.18,2495,21683.76,9.8,79.98160338042322,1.9,3.7,2.2,False,False,False,False,False
174405,2020-06-22,Ale,Bottles,Electronic City,10,18.2,4.46,1.273,6.5,47,15,1:0.34:0.12,2143,10761.92,10.0,76.11116268337996,1.5,2.2,3.3,False,False,False,False,False
174406,2020-06-22,Pilsner,Pints,HSR Layout,22,11.7,4.56,1.21,5.4,39,6,1:0.34:0.23,3465,19542.74,10.0,81.78189213977356,1.5,2.2,3.4,False,False,False,False,False
174407,2020-06-23,Ale,Kegs,Rajajinagar,7,19.7,4.32,1.222,5.0,32,11,1:0.22:0.25,2115,10139.4,10.0,72.48885769073607,2.0,3.4,2.3,False,False,False,False,False
174408,2020-06-25,Ale,Cans,Marathahalli,8,20.4,4.2,1.219,5.8,42,15,1:0.37:0.22,1706,10400.14,10.0,85.06914295554458,1.5,3.9,2.8,False,False,False,False,False
174409,2020-06-25,Wheat Beer,Cans,Indiranagar,9,18.6,4.9,1.186,4.4,25,8,1:0.22:0.3,4451,28113.33,9.0,76.25088380519549,3.3,3.8,4.2,False,False,False,False,False
174410,2020-06-25,Wheat Beer,Kegs,Koramangala,8,19.3,4.65,1.181,4.6,27,8,1:0.36:0.17,4981,27383.73,9.9,82.1484679775008,2.1,4.8,4.7,False,False,False,False,False
174411,2020-06-26,Pilsner,Bottles,HSR Layout,20,12.3,4.15,1.198,4.7,29,8,1:0.29:0.17,3274,15088.91,10.0,75.47801701756845,2.6,2.7,4.0,False,False,False,False,False
174412,2020-06-26,IPA,Bottles,Koramangala,7,20.1,5.07,1.248,5.9,46,10,1:0.4:0.13,3766,23170.09,8.9,76.55676085942896,3.8,4.5,2.4,False,False,False,False,False
174413,2020-06-26,Ale,Kegs,Malleswaram,14,14.0,4.23,1.262,6.4,38,16,1:0.37:0.26,2842,8019.68,8.9,78.59570709964447,3.3,3.8,3.2,False,False,False,False,False
174414,2020-06-26,Stout,Bottles,Rajajinagar,7,18.9,5.01,1.254,6.3,44,17,1:0.21:0.39,1834,6809.58,10.0,79.51011486546128,1.5,4.4,3.7,False,False,False,False,False
174415,2020-06-27,Sour,Pints,Electronic City,9,20.5,3.53,1.228,5.5,22,13,1:0.33:0.27,2254,10618.25,10.0,77.5588865693869,1.5,3.4,2.0,False,True,False,False,False
174416,2020-06-29,Ale,Cans,Marathahalli,8,20.6,4.23,1.229,5.7,30,14,1:0.34:0.19,1968,11024.16,9.7,79.81497298021112,2.1,3.1,2.8,False,False,False,False,False
174417,2020-06-30,Sour,Pints,Electronic City,8,18.8,3.61,1.231,5.5,28,14,1:0.35:0.29,2000,9439.42,10.0,75.77728606851663,2.5,2.2,4.3,False,False,False,False,False
174418,2020-07-01,Ale,Kegs,Koramangala,9,20.1,4.42,1.204,5.1,34,14,1:0.25:0.26,3496,17990.42,10.0,80.71176562583422,1.8,4.0,4.0,False,False,False,False,False
174419,2020-07-02,Wheat Beer,Pints,Rajajinagar,7,22.0,4.54,1.197,4.5,23,5,1:0.31:0.2,3295,14964.32,8.8,73.72771503050744,2.6,4.6,3.0,False,False,False,False,False
174420,2020-07-03,Lager,Pints,Marathahalli,22,8.0,4.54,1.175,4.4,32,8,1:0.29:0.25,2313,16267.15,9.4,80.1805212635212,2.1,5.2,2.6,False,False,False,False,False
174421,2020-07-03,Wheat Beer,Kegs,Whitefield,11,19.2,4.32,1.176,4.2,23,6,1:0.25:0.27,4759,19504.41,9.2,75.76049197853105,2.7,4.8,3.3,False,False,False,False,False
174422,2020-07-03,Lager,Kegs,Whitefield,19,14.7,4.51,1.195,4.7,31,6,1:0.37:0.12,2250,23861.97,9.1,77.59429324498069,3.0,3.7,4.7,False,False,False,False,False
174423,2020-07-03,Stout,Cans,Malleswaram,18,13.6,4.62,1.313,7.5,44,16,1:0.29:0.25,1251,5904.72,9.2,77.02842985031003,1.6,3.6,2.1,False,False,False,False,False
174424,2020-07-03,Sour,Cans,Koramangala,10,24.3,3.87,1.198,5.1,37,12,1:0.29:0.22,3045,24725.1,8.7,81.84473916713111,1.5,3.8,1.5,False,False,False,False,False
174425,2020-07-06,Pilsner,Cans,Whitefield,17,13.3,4.7,1.183,4.4,33,6,1:0.28:0.11,3524,25386.04,10.0,76.96173335148602,2.0,4.7,2.0,False,False,False,False,False
174426,2020-07-06,Wheat Beer,Cans,HSR Layout,8,21.4,4.44,1.168,4.0,19,6,1:0.37:0.14,1610,23623.29,9.4,75.4642001928082,2.0,2.1,2.9,False,False,False,False,False
174427,2020-07-07,Stout,Pints,Yelahanka,9,18.3,4.36,1.27,6.5,54,19,1:0.22:0.36,890,5716.11,9.8,76.91970167845228,1.5,3.6,3.3,False,False,False,False,False
174428,2020-07-07,Lager,Cans,Malleswaram,19,10.9,4.64,1.193,4.5,17,5,1:0.27:0.28,2861,16006.94,9.3,75.12435976413644,3.1,2.8,2.8,False,False,False,False,False
174429,2020-07-08,Wheat Beer,Kegs,Rajajinagar,11,20.8,4.08,1.194,4.5,19,6,1:0.34:0.16,3213,14146.07,8.6,74.5632988793967,2.2,2.0,2.7,False,False,False,False,False
174430,2020-07-08,Stout,Pints,Koramangala,13,16.3,4.74,1.287,7.2,56,18,1:0.2:0.39,1406,11353.68,9.7,80.6003573252165,1.5,3.4,2.5,False,False,False,False,False
174431,2020-07-08,Ale,Cans,Malleswaram,10,21.9,4.5,1.21,4.9,37,13,1:0.22:0.24,1737,9673.42,9.6,75.38432581894772,3.7,3.1,2.5,False,False,False,False,False
174432,2020-07-09,Sour,Pints,HSR Layout,12,18.2,3.62,1.203,4.9,33,14,1:0.3:0.25,3204,17105.23,9.3,77.70985676172886,3.6,4.5,2.9,False,False,False,False,False
174433,2020-07-09,Stout,Bottles,Yelahanka,9,20.4,4.98,1.257,6.5,41,16,1:0.27:0.33,827,4631.86,9.3,80.55680735905862,1.9,5.9,1.8,False,False,False,False,False
174434,2020-07-10,Porter,Bottles,Koramangala,9,19.4,4.68,1.221,4.8,28,14,1:0.25:0.36,3202,17086.54,9.3,70.0,4.0,2.0,2.9,False,False,False,False,True
174435,2020-07-10,Sour,Pints,Marathahalli,8,19.8,3.94,1.219,5.4,24,13,1:0.22:0.14,3223,13365.25,9.7,78.30796615437434,3.2,4.1,3.9,False,False,False,False,False
174436,2020-07-10,Porter,Cans,Rajajinagar,7,18.3,4.52,1.229,5.6,27,13,1:0.27:0.26,2194,12714.53,9.5,78.0233296117293,2.5,2.7,2.6,False,False,False,False,False
174437,2020-07-10,Pilsner,Pints,Malleswaram,25,14.2,3.88,1.199,4.9,34,8,1:0.32:0.19,2266,12076.13,8.8,78.87322110094803,3.9,3.6,1.9,False,False,False,False,False
174438,2020-07-10,Pilsner,Kegs,Electronic City,21,14.3,4.81,1.184,4.7,34,10,1:0.31:0.19,4360,18986.89,9.4,81.98747080576885,1.5,5.1,2.3,False,False,False,False,False
174439,2020-07-10,Sour,Cans,Electronic City,12,21.0,3.36,1.191,4.8,23,14,1:0.35:0.17,3230,17184.36,10.0,80.6087065828795,1.5,2.8,3.9,False,True,False,False,False
174440,2020-07-13,Pilsner,Cans,Koramangala,24,12.1,4.59,1.18,4.4,31,11,1:0.34:0.15,4619,23316.69,10.0,78.07069152076542,1.7,2.0,4.4,False,False,False,False,False
174441,2020-07-14,Wheat Beer,Cans,Malleswaram,10,20.8,4.66,1.19,4.7,15,8,1:0.25:0.12,3711,15916.45,9.0,78.50663306326061,2.4,4.7,3.1,False,False,False,False,False
174442,2020-07-15,Pilsner,Bottles,Whitefield,25,14.1,4.91,1.218,5.5,22,10,1:0.24:0.12,3466,23529.55,10.0,81.3932981845586,2.8,2.7,2.9,False,False,False,False,False
174443,2020-07-15,Ale,Cans,Electronic City,13,19.0,4.47,1.244,6.0,47,13,1:0.31:0.25,2614,11233.54,9.9,78.42980425111718,2.3,4.0,2.5,False,False,False,False,False
174444,2020-07-16,Sour,Kegs,Whitefield,13,18.9,3.39,1.192,4.6,29,13,1:0.24:0.14,4476,17058.77,10.0,76.84377419970421,3.2,2.8,4.3,False,True,False,False,False
174445,2020-07-16,Lager,Pints,Rajajinagar,23,8.5,4.67,1.181,4.5,26,9,1:0.3:0.24,2660,13652.8,9.6,80.17222641506427,2.3,5.6,2.0,False,False,False,False,False
174446,2020-07-16,Pilsner,Kegs,Electronic City,20,13.9,5.2,1.205,4.9,31,6,1:0.4:0.2,3149,16732.59,8.9,75.64790012905486,1.9,2.9,3.6,False,False,False,False,False
174447,2020-07-17,Ale,Pints,Yelahanka,9,21.5,4.74,1.204,5.2,41,12,1:0.26:0.12,1539,10806.45,10.0,80.75565781118347,2.6,5.3,3.2,False,False,False,False,False
174448,2020-07-17,Lager,Bottles,Jayanagar,24,12.2,4.19,1.199,4.6,32,9,1:0.24:0.15,3472,18955.61,10.0,74.64885566344488,1.5,3.4,3.2,False,False,False,False,False
174449,2020-07-20,Sour,Kegs,Malleswaram,10,18.8,3.69,1.205,5.0,26,11,1:0.24:0.1,2528,10569.09,9.4,78.69218633586546,1.5,4.3,3.4,False,False,False,False,False
174450,2020-07-20,Porter,Pints,Marathahalli,7,19.3,4.54,1.271,6.9,31,14,1:0.25:0.25,1367,11336.07,9.5,81.39169007693832,1.9,4.2,3.4,False,False,False,False,False
174451,2020-07-21,Wheat Beer,Pints,Koramangala,10,18.7,4.4,1.182,4.6,19,6,1:0.39:0.21,5000,36960.12,9.5,80.31844080832376,1.5,3.2,1.9,False,False,False,False,False
174452,2020-07-21,Pilsner,Bottles,Koramangala,17,12.6,4.53,1.197,4.8,26,5,1:0.34:0.13,4658,27636.11,8.9,78.24434836046613,1.5,2.2,2.8,False,False,False,False,False
174453,2020-07-22,Porter,Pints,Whitefield,9,18.7,4.69,1.256,6.4,26,17,1:0.29:0.3,2785,14891.53,10.0,80.6294628313946,1.5,2.4,3.2,False,False,False,False,False
174454,2020-07-24,Pilsner,Kegs,Indiranagar,20,12.4,4.37,1.199,4.6,22,5,1:0.37:0.21,5000,30108.22,8.7,74.31657351676134,2.8,3.6,4.6,False,False,False,False,False
174455,2020-07-24,Wheat Beer,Kegs,Rajajinagar,9,18.5,4.81,1.205,4.9,29,8,1:0.29:0.19,3147,18226.68,10.0,76.58029559684503,2.6,3.4,4.5,False,False,False,False,False
174456,2020-07-25,Sour,Bottles,Whitefield,9,21.4,3.51,1.192,4.8,32,14,1:0.24:0.11,3241,18883.89,9.3,80.39820993466095,2.6,3.9,1.5,False,True,False,False,False
174457,2020-07-26,Pilsner,Pints,Indiranagar,21,12.7,4.68,1.209,4.7,26,11,1:0.39:0.2,5000,31409.03,10.0,71.50764432624524,1.8,3.3,3.0,False,False,False,False,False
174458,2020-07-26,Ale,Kegs,Indiranagar,9,23.2,4.41,1.248,6.0,35,12,1:0.36:0.18,3496,19681.46,8.7,77.8348125697721,1.5,5.1,2.6,False,False,False,False,False
174459,2020-07-26,Pilsner,Bottles,Indiranagar,24,11.4,4.54,1.209,5.1,20,7,1:0.21:0.23,4670,29683.27,10.0,78.71056668252453,3.4,2.6,3.0,False,False,False,False,False
174460,2020-07-30,Wheat Beer,Cans,HSR Layout,10,18.8,4.72,1.168,4.1,27,9,1:0.21:0.13,4422,19814.38,10.0,78.75675332241731,1.5,6.1,3.1,False,False,False,False,False
174461,2020-07-31,Lager,Cans,Koramangala,20,11.2,4.27,1.209,4.9,28,8,1:0.31:0.16,4621,29178.32,9.8,74.32881949173188,3.6,4.3,4.1,False,False,False,False,False
174462,2020-07-31,Lager,Bottles,Electronic City,18,10.6,4.92,1.192,4.5,31,5,1:0.4:0.12,3200,17281.37,9.4,75.24466990658976,3.2,4.5,3.0,False,False,False,False,False
174463,2020-07-31,Lager,Cans,Marathahalli,22,11.4,4.05,1.183,4.2,15,7,1:0.35:0.22,2605,11577.25,8.9,72.99880275993878,4.6,2.0,2.6,False,False,False,False,False
174464,2020-07-31,Ale,Cans,Marathahalli,10,18.0,4.36,1.257,6.1,42,11,1:0.36:0.15,1941,11870.42,10.0,75.56105618817047,3.4,4.0,2.4,False,False,False,False,False
174465,2020-07-31,Lager,Cans,Marathahalli,25,14.4,4.51,1.199,4.4,26,5,1:0.3:0.19,2231,11649.72,9.3,70.71825283361156,2.5,3.2,2.7,False,False,False,False,False
174466,2020-07-31,IPA,Kegs,Indiranagar,8,20.1,4.64,1.299,7.5,48,14,1:0.39:0.19,3256,22450.13,8.8,80.47433771694884,2.7,2.4,3.9,False,False,False,False,False
174467,2020-08-03,Ale,Cans,Koramangala,13,18.9,5.15,1.222,5.2,49,11,1:0.4:0.16,3993,15392.63,9.0,75.34577160167568,2.7,4.9,1.5,False,False,False,False,False
174468,2020-08-04,Lager,Cans,Electronic City,12,15.7,4.85,1.191,4.5,31,11,1:0.32:0.22,2177,14754.76,9.1,76.39934513469231,2.6,5.1,3.3,False,False,False,False,False
174469,2020-08-04,Ale,Pints,Indiranagar,10,20.0,4.63,1.277,6.4,35,11,1:0.35:0.29,3513,21404.62,8.9,74.43849036097102,2.0,4.3,3.3,False,False,False,False,False
174470,2020-08-04,Porter,Pints,Indiranagar,11,22.7,4.05,1.237,5.9,44,16,1:0.22:0.24,4615,19929.87,9.7,78.91341992074358,2.8,4.1,4.1,False,False,False,False,False
174471,2020-08-04,Pilsner,Cans,Marathahalli,23,11.0,4.76,1.186,4.7,30,10,1:0.33:0.13,3703,12943.43,9.9,80.20970672344946,1.5,2.9,3.0,False,False,False,False,False
174472,2020-08-04,Wheat Beer,Cans,Whitefield,11,18.3,4.36,1.19,4.8,27,9,1:0.23:0.12,3150,23479.25,9.9,80.72247612304984,1.5,3.3,1.5,False,False,False,False,False
174473,2020-08-04,Porter,Kegs,Koramangala,10,17.3,4.71,1.276,6.9,30,15,1:0.2:0.29,3215,25217.37,10.0,79.6162627154187,1.5,3.1,1.5,False,False,False,False,False
174474,2020-08-05,Sour,Pints,Indiranagar,13,18.5,3.2,1.221,5.1,27,13,1:0.32:0.16,5000,26500.96,9.9,73.91101174913783,3.3,2.7,3.8,False,True,False,False,False
174475,2020-08-05,Porter,Pints,Koramangala,11,18.7,4.24,1.243,5.6,36,17,1:0.22:0.34,2898,16277.52,10.0,74.04031527169792,3.3,3.4,4.4,False,False,False,False,False
174476,2020-08-05,IPA,Bottles,Whitefield,10,18.7,4.42,1.25,6.0,52,12,1:0.44:0.15,2629,15787.4,9.5,76.67089548274146,2.3,2.0,3.7,False,False,False,False,False
174477,2020-08-05,Pilsner,Kegs,Koramangala,17,14.1,4.3,1.227,5.8,39,7,1:0.34:0.28,5000,25496.97,10.0,82.30319509566864,2.8,3.6,2.4,False,False,False,False,False
174478,2020-08-07,Pilsner,Pints,Electronic City,15,15.5,4.29,1.224,5.3,34,11,1:0.36:0.23,4326,14836.13,9.2,75.28976522306957,3.5,3.3,3.4,False,False,False,False,False
174479,2020-08-07,Wheat Beer,Bottles,Yelahanka,7,17.8,4.35,1.186,4.7,23,9,1:0.33:0.29,2862,13591.22,10.0,80.18491247219129,1.8,3.4,2.9,False,False,False,False,False
174480,2020-08-07,Ale,Bottles,Rajajinagar,7,21.0,4.69,1.231,5.6,44,12,1:0.29:0.21,1734,12489.61,9.4,77.82694033938598,3.0,5.7,3.4,False,False,False,False,False
174481,2020-08-07,Sour,Bottles,Marathahalli,13,20.7,3.38,1.239,6.0,20,13,1:0.33:0.28,2395,14263.13,9.6,80.87993099941868,2.7,2.2,3.7,False,True,False,False,False
174482,2020-08-09,Ale,Pints,HSR Layout,9,21.2,4.04,1.252,6.5,47,15,1:0.37:0.11,2876,15682.45,9.3,82.17558712059397,1.5,4.6,3.3,False,False,False,False,False
174483,2020-08-10,Sour,Cans,Malleswaram,12,17.8,3.54,1.195,4.8,20,11,1:0.23:0.16,2273,12983.98,10.0,79.19414852723453,4.1,3.8,2.4,False,True,False,False,False
174484,2020-08-10,Porter,Kegs,Malleswaram,10,19.0,4.16,1.221,5.3,38,16,1:0.27:0.31,1460,9716.13,10.0,77.30592573656969,2.3,5.9,4.5,False,False,False,False,False
174485,2020-08-11,Lager,Bottles,Malleswaram,22,12.8,4.04,1.172,4.1,23,8,1:0.26:0.12,3093,12319.92,9.6,76.8235046764228,2.0,5.5,2.7,False,False,False,False,False
174486,2020-08-11,Stout,Cans,Yelahanka,13,18.8,4.21,1.242,6.0,49,16,1:0.27:0.34,1172,6157.51,9.1,79.49768559929731,3.0,4.1,3.0,False,False,False,False,False
174487,2020-08-11,Ale,Kegs,Marathahalli,8,19.2,4.3,1.262,6.6,37,13,1:0.39:0.2,2136,8481.89,9.7,80.58034410340765,2.4,5.3,3.6,False,False,False,False,False
174488,2020-08-12,Pilsner,Bottles,HSR Layout,24,12.2,4.76,1.22,5.2,29,7,1:0.3:0.12,4102,22882.71,9.4,75.67033002991896,3.4,2.5,3.1,False,False,False,False,False
174489,2020-08-12,Lager,Kegs,Whitefield,21,13.7,4.9,1.173,4.3,16,11,1:0.21:0.19,4353,20370.4,9.4,79.69898644348247,2.1,5.3,1.6,False,False,False,False,False
174490,2020-08-12,Lager,Bottles,Rajajinagar,19,14.1,4.8,1.213,5.3,20,10,1:0.26:0.15,2412,12757.05,10.0,79.77703286701065,1.5,4.9,2.8,False,False,False,False,False
174491,2020-08-13,Pilsner,Pints,Jayanagar,23,10.7,4.02,1.201,5.0,23,6,1:0.22:0.29,3506,16029.26,9.5,78.94150037598433,1.5,2.0,2.6,False,False,False,False,False
174492,2020-08-13,Ale,Pints,HSR Layout,9,21.4,4.68,1.243,6.2,38,14,1:0.37:0.22,2668,13270.33,9.2,81.42043937453438,2.4,3.9,1.9,False,False,False,False,False
174493,2020-08-14,Sour,Cans,Whitefield,7,18.5,3.58,1.186,4.4,24,10,1:0.39:0.3,3955,20941.08,8.7,76.07288351050323,2.8,3.6,4.0,False,False,False,False,False
174494,2020-08-14,Wheat Beer,Bottles,Marathahalli,9,16.2,4.75,1.161,4.0,27,8,1:0.33:0.15,3139,15474.17,9.2,79.18414977569333,1.7,2.5,2.5,False,False,False,False,False
174495,2020-08-14,Ale,Kegs,Whitefield,10,21.0,3.96,1.204,4.9,36,16,1:0.21:0.25,3160,16419.32,8.5,77.22722970952384,1.5,4.0,2.9,False,False,False,False,False
174496,2020-08-14,Ale,Cans,Yelahanka,7,18.7,4.82,1.254,5.9,42,15,1:0.29:0.23,1593,9442.95,9.6,74.47528568138242,1.5,2.0,2.6,False,False,False,False,False
174497,2020-08-15,Porter,Pints,Malleswaram,12,19.9,4.95,1.28,6.9,25,17,1:0.29:0.24,1843,12008.49,9.7,79.03668842083346,2.2,4.9,3.0,False,False,False,False,False
174498,2020-08-17,Ale,Cans,Indiranagar,7,20.1,4.66,1.239,6.0,39,11,1:0.32:0.23,3704,19546.07,9.9,80.04375173419804,2.8,4.0,2.7,False,False,False,False,False
174499,2020-08-18,Lager,Cans,Koramangala,19,14.4,3.75,1.176,4.1,24,11,1:0.3:0.12,3794,21134.76,9.4,75.30656719427765,1.7,4.8,2.9,False,False,False,False,False
174500,2020-08-18,Stout,Bottles,Electronic City,9,17.4,4.37,1.256,6.3,49,19,1:0.23:0.27,1327,6903.73,8.8,78.89907830035426,2.7,2.0,3.1,False,False,False,False,False
174501,2020-08-18,Porter,Bottles,Electronic City,13,20.5,4.51,1.27,7.0,41,16,1:0.27:0.37,1728,12382.15,10.0,83.14432472282537,3.2,5.0,3.0,False,False,False,False,False
174502,2020-08-20,Porter,Pints,HSR Layout,7,20.4,4.34,1.277,6.6,25,15,1:0.23:0.34,3397,12521.52,10.0,76.12387428569392,2.5,2.0,2.5,False,False,False,False,False
174503,2020-08-20,Ale,Bottles,Yelahanka,9,19.5,3.99,1.221,5.4,32,15,1:0.26:0.29,1520,7610.42,9.2,78.6012411326211,3.7,2.0,2.7,False,False,False,False,False
174504,2020-08-20,Ale,Bottles,Indiranagar,9,18.7,4.42,1.223,5.9,36,17,1:0.36:0.21,4467,20924.62,9.3,85.25735252917028,3.5,4.5,3.3,False,False,False,False,False
174505,2020-08-21,Pilsner,Bottles,Malleswaram,22,14.1,3.87,1.184,4.5,26,6,1:0.29:0.16,2769,15322.58,9.5,77.57143170976401,1.5,2.6,1.5,False,False,False,False,False
174506,2020-08-21,Stout,Kegs,Electronic City,13,20.5,4.23,1.295,6.9,59,17,1:0.23:0.39,1984,7659.46,9.2,75.28188895756587,5.1,4.2,4.1,False,False,False,False,False
174507,2020-08-21,Stout,Bottles,Marathahalli,9,18.9,4.28,1.25,6.3,43,15,1:0.24:0.3,1140,7205.83,9.3,80.27617265020119,2.3,2.5,3.8,False,False,False,False,False
174508,2020-08-24,Wheat Beer,Kegs,Yelahanka,9,15.2,4.92,1.201,4.6,25,5,1:0.4:0.23,2314,14115.97,9.5,72.64921372295461,2.2,4.2,4.6,False,False,False,False,False
174509,2020-08-25,Stout,Cans,Yelahanka,11,20.3,3.75,1.28,7.2,49,16,1:0.25:0.28,1301,6758.09,9.5,81.86277032061096,1.6,3.8,2.5,False,False,False,False,False
174510,2020-08-25,Wheat Beer,Pints,Marathahalli,10,18.2,4.66,1.212,5.4,22,9,1:0.24:0.17,3161,14064.95,10.0,81.11981422623937,1.5,5.0,2.9,False,False,False,False,False
174511,2020-08-26,Sour,Pints,Yelahanka,10,20.2,3.49,1.238,5.8,37,13,1:0.35:0.23,1452,11886.02,10.0,78.10800139636939,3.8,4.1,2.3,False,True,False,False,False
174512,2020-08-26,IPA,Pints,Jayanagar,8,21.4,4.77,1.273,6.8,57,11,1:0.45:0.12,2325,14046.73,10.0,80.28700839439608,1.8,3.5,2.5,False,False,False,False,False
174513,2020-08-26,Lager,Cans,Rajajinagar,17,12.0,4.54,1.177,4.3,20,5,1:0.31:0.29,2939,17921.48,10.0,77.75123645479222,1.5,4.5,3.2,False,False,False,False,False
174514,2020-08-27,Pilsner,Cans,Yelahanka,19,10.4,5.13,1.206,4.6,33,7,1:0.29:0.24,1741,11288.55,9.4,72.07413471366873,4.1,2.7,1.6,False,False,False,False,False
174515,2020-08-27,Lager,Pints,Koramangala,22,11.0,4.59,1.205,5.1,30,7,1:0.22:0.29,3209,26959.89,9.3,79.54583764383806,3.1,5.0,2.9,False,False,False,False,False
174516,2020-08-28,Lager,Kegs,Indiranagar,22,12.9,4.38,1.215,4.9,32,5,1:0.32:0.15,5000,27916.27,9.4,73.82056951890121,1.5,4.0,2.3,False,False,False,False,False
174517,2020-08-28,IPA,Kegs,Rajajinagar,9,21.3,4.69,1.29,7.2,50,12,1:0.33:0.16,2098,12571.56,9.7,79.77970542253274,2.1,3.4,2.9,False,False,False,False,False
174518,2020-08-28,Sour,Cans,Yelahanka,11,19.4,3.28,1.225,5.1,23,14,1:0.31:0.12,1413,8435.54,9.0,73.01872614493995,3.7,3.5,2.6,False,True,False,False,False
174519,2020-08-31,Pilsner,Cans,Rajajinagar,21,12.3,4.71,1.186,4.1,36,5,1:0.4:0.28,3960,17666.05,9.1,70.16929722123724,4.0,4.4,3.8,False,False,False,False,True
174520,2020-09-03,Wheat Beer,Bottles,HSR Layout,13,20.4,4.44,1.197,4.9,19,9,1:0.29:0.12,1517,13398.15,10.0,80.20799755039464,2.0,4.8,1.7,False,False,False,False,False
174521,2020-09-03,Stout,Pints,Indiranagar,9,20.8,4.5,1.315,8.0,40,19,1:0.28:0.3,3731,23930.32,10.0,81.82120351092344,1.5,2.7,4.0,False,False,False,False,False
174522,2020-09-03,Sour,Bottles,HSR Layout,10,21.1,3.84,1.233,5.9,38,12,1:0.34:0.2,3425,13630.57,8.9,80.40800064466251,2.1,2.8,4.2,False,False,False,False,False
174523,2020-09-03,Ale,Bottles,Whitefield,12,22.6,4.79,1.227,5.7,33,15,1:0.25:0.27,4065,16092.88,9.1,80.242426908472,3.2,4.1,2.7,False,False,False,False,False
174524,2020-09-04,Pilsner,Pints,Koramangala,21,12.5,4.49,1.228,5.6,27,10,1:0.4:0.15,3735,21318.71,9.8,78.96597825497776,2.2,3.4,2.3,False,False,False,False,False
174525,2020-09-04,Ale,Cans,Rajajinagar,13,23.7,4.71,1.217,5.5,37,15,1:0.31:0.18,2823,16062.3,9.1,80.73022119468044,2.4,2.9,3.0,False,False,False,False,False
174526,2020-09-04,Pilsner,Kegs,Malleswaram,20,11.7,4.18,1.226,5.6,25,5,1:0.38:0.2,2751,8525.85,9.7,79.4729446007601,2.8,3.7,4.0,False,False,False,False,False
174527,2020-09-06,IPA,Pints,Jayanagar,13,20.1,4.07,1.263,6.7,53,14,1:0.48:0.19,3496,14487.15,10.0,81.95604034823792,1.8,5.9,2.0,False,False,False,False,False
174528,2020-09-07,Sour,Cans,Koramangala,11,20.1,3.5,1.236,5.7,25,13,1:0.26:0.26,3563,21463.54,9.8,77.27076039747065,3.0,4.4,2.6,False,True,False,False,False
174529,2020-09-08,Pilsner,Bottles,Yelahanka,22,11.3,4.27,1.182,4.4,24,5,1:0.28:0.29,1445,9866.23,9.0,76.66739974924111,1.5,4.9,2.8,False,False,False,False,False
174530,2020-09-08,Sour,Bottles,Malleswaram,20,14.4,3.24,1.211,5.2,21,10,1:0.3:0.26,1948,11699.61,10.0,79.42600316217542,2.3,4.4,2.9,False,True,False,False,False
174531,2020-09-08,Stout,Kegs,Jayanagar,10,20.7,4.23,1.256,6.1,57,18,1:0.23:0.26,2566,15017.17,9.9,76.61294862913414,2.4,3.1,2.4,False,False,False,False,False
174532,2020-09-08,Stout,Cans,Malleswaram,9,21.6,4.23,1.277,6.9,54,19,1:0.26:0.4,2449,9524.03,9.9,79.23353386881917,2.5,2.6,2.8,False,False,False,False,False
174533,2020-09-08,IPA,Cans,Malleswaram,11,21.3,4.74,1.265,6.7,59,17,1:0.4:0.11,2561,10310.53,8.8,80.69852112730584,2.0,3.5,1.5,False,False,False,False,False
174534,2020-09-09,Pilsner,Cans,Jayanagar,23,14.7,4.65,1.197,4.8,36,6,1:0.31:0.17,1765,12710.48,9.4,78.43108363236009,1.8,2.1,1.5,False,False,False,False,False
174535,2020-09-09,IPA,Bottles,Indiranagar,13,20.5,4.02,1.264,6.4,45,10,1:0.41:0.15,3421,32807.37,10.0,77.95163314787828,1.9,3.5,2.7,False,False,False,False,False
174536,2020-09-09,Pilsner,Cans,Malleswaram,23,14.2,4.3,1.205,5.2,20,7,1:0.29:0.16,1553,10843.76,9.4,80.59719131617756,1.5,4.4,3.6,False,False,False,False,False
174537,2020-09-10,IPA,Cans,Whitefield,11,23.3,4.44,1.279,7.0,56,16,1:0.34:0.17,2923,19138.7,9.7,80.25289961327212,1.5,4.6,3.2,False,False,False,False,False
174538,2020-09-10,Sour,Kegs,Electronic City,12,25.0,3.56,1.233,5.9,35,11,1:0.31:0.15,1897,10021.23,8.6,80.68387956573346,2.5,5.0,4.6,False,False,False,False,False
174539,2020-09-11,Lager,Pints,Whitefield,20,11.0,4.42,1.17,4.1,21,8,1:0.36:0.11,3158,12359.31,9.5,77.57352535015247,1.5,3.1,4.7,False,False,False,False,False
174540,2020-09-11,Sour,Cans,Koramangala,9,17.9,3.58,1.182,4.6,26,14,1:0.35:0.24,2814,20349.6,9.8,80.62774855316363,1.5,4.1,3.8,False,False,False,False,False
174541,2020-09-11,Sour,Cans,Marathahalli,11,23.2,3.58,1.235,5.8,30,11,1:0.36:0.18,1847,10348.21,9.7,78.47276546317123,2.7,4.1,1.7,False,False,False,False,False
174542,2020-09-14,Lager,Cans,Whitefield,23,11.6,4.24,1.211,4.7,16,11,1:0.33:0.26,4244,15660.9,9.1,71.665979887277,2.0,4.4,1.9,False,False,False,False,False
174543,2020-09-14,Pilsner,Bottles,Marathahalli,15,15.1,4.38,1.192,4.6,33,6,1:0.4:0.2,2522,9624.28,9.6,76.55354741829038,1.8,4.6,3.9,False,False,False,False,False
174544,2020-09-15,Lager,Kegs,Electronic City,21,11.8,4.53,1.212,4.9,24,7,1:0.21:0.2,2055,11220.93,10.0,73.46458059432001,4.5,3.9,2.9,False,False,False,False,False
174545,2020-09-15,Sour,Cans,Electronic City,10,21.2,3.2,1.236,5.8,28,11,1:0.32:0.27,1839,11787.73,8.7,78.04636514865261,1.5,3.5,4.5,False,True,False,False,False
174546,2020-09-15,Pilsner,Bottles,Whitefield,21,11.0,4.7,1.21,5.3,34,6,1:0.37:0.19,1812,16558.47,9.9,80.87339538584496,1.8,3.2,2.4,False,False,False,False,False
174547,2020-09-15,Ale,Kegs,Whitefield,10,18.6,4.31,1.218,5.3,35,11,1:0.31:0.19,2644,20227.29,9.1,77.8690650110515,3.1,3.7,5.6,False,False,False,False,False
174548,2020-09-17,Ale,Kegs,Rajajinagar,9,20.9,4.88,1.234,5.5,33,11,1:0.34:0.18,3498,12666.93,9.3,74.81063891264927,3.5,4.1,3.1,False,False,False,False,False
174549,2020-09-18,Lager,Pints,Electronic City,22,11.2,4.49,1.174,4.0,18,7,1:0.33:0.13,2198,13060.02,10.0,73.27843306901644,5.4,4.5,1.9,False,False,False,False,False
174550,2020-09-18,Wheat Beer,Bottles,Rajajinagar,8,18.3,4.99,1.185,4.4,27,7,1:0.29:0.29,2275,11072.5,10.0,75.4803228969636,1.9,2.8,3.1,False,False,False,False,False
174551,2020-09-18,Sour,Kegs,Yelahanka,9,18.6,3.61,1.203,4.6,30,12,1:0.27:0.24,1593,7742.95,8.7,72.94848463027637,2.1,2.0,2.0,False,False,False,False,False
174552,2020-09-18,Lager,Kegs,Malleswaram,21,13.0,4.66,1.202,4.7,20,5,1:0.33:0.27,2313,11146.01,8.5,75.03751598856002,1.6,2.7,3.0,False,False,False,False,False
174553,2020-09-18,Pilsner,Kegs,Rajajinagar,18,12.7,4.84,1.195,4.7,35,7,1:0.37:0.27,1719,11398.83,9.7,76.92367728159033,3.7,3.0,4.1,False,False,False,False,False
174554,2020-09-20,Ale,Pints,Marathahalli,8,18.4,4.91,1.245,6.3,44,13,1:0.28:0.16,2548,10513.38,9.4,82.1154899323488,2.0,3.0,3.1,False,False,False,False,False
174555,2020-09-20,IPA,Bottles,Jayanagar,9,17.6,4.07,1.267,6.5,53,14,1:0.44:0.18,3072,17401.24,10.0,78.45996784374056,1.5,3.8,4.3,False,False,False,False,False
174556,2020-09-21,Lager,Bottles,HSR Layout,23,8.5,4.22,1.179,4.3,19,7,1:0.37:0.11,3335,14141.64,8.8,77.27016034606528,2.0,5.4,3.2,False,False,False,False,False
174557,2020-09-23,Lager,Kegs,Rajajinagar,23,14.8,4.68,1.207,5.2,33,11,1:0.21:0.23,3393,9156.3,9.3,80.00597672146499,2.3,2.6,3.0,False,False,False,False,False
174558,2020-09-23,Lager,Pints,Marathahalli,22,13.4,4.59,1.191,4.7,18,8,1:0.38:0.3,2018,9108.72,9.8,78.85813428489676,1.5,4.0,3.1,False,False,False,False,False
174559,2020-09-24,Porter,Bottles,Malleswaram,12,20.3,4.34,1.24,6.1,43,14,1:0.27:0.29,1803,12164.16,9.8,80.70105976184111,2.0,3.7,3.6,False,False,False,False,False
174560,2020-09-24,Ale,Kegs,Rajajinagar,11,21.1,3.89,1.205,5.2,48,14,1:0.22:0.23,2641,15067.83,9.2,81.79840187594307,2.9,4.6,4.9,False,False,False,False,False
174561,2020-09-24,Pilsner,Bottles,Jayanagar,18,14.7,4.67,1.209,5.1,35,11,1:0.37:0.19,2758,14365.37,10.0,77.82251556443914,2.7,3.7,2.8,False,False,False,False,False
174562,2020-09-25,Stout,Pints,Rajajinagar,7,24.3,3.81,1.305,7.1,55,18,1:0.27:0.38,2690,11993.41,9.6,74.16784225673064,3.9,3.3,2.7,False,False,False,False,False
174563,2020-09-25,IPA,Cans,Malleswaram,9,19.5,4.62,1.265,6.6,46,14,1:0.31:0.18,1702,12437.64,10.0,80.15037684641928,2.5,2.5,2.4,False,False,False,False,False
174564,2020-09-26,Ale,Bottles,Rajajinagar,12,20.4,4.26,1.278,6.5,48,13,1:0.26:0.17,1693,15078.48,8.7,75.07435740699465,3.5,4.8,2.3,False,False,False,False,False
174565,2020-09-27,Stout,Pints,Rajajinagar,12,17.9,3.79,1.276,6.6,58,18,1:0.21:0.31,2336,12920.1,10.0,76.24489007140863,1.7,2.0,3.1,False,False,False,False,False
174566,2020-09-28,Wheat Beer,Cans,Indiranagar,9,19.2,4.27,1.202,5.0,27,5,1:0.31:0.26,1606,18845.42,10.0,78.89601041376088,2.0,2.9,2.0,False,False,False,False,False
174567,2020-09-28,Porter,Cans,Indiranagar,10,22.4,4.69,1.272,7.0,38,12,1:0.22:0.22,4767,21899.65,9.0,82.86168149773762,2.4,5.2,3.1,False,False,False,False,False
174568,2020-09-29,Wheat Beer,Cans,Yelahanka,13,19.8,4.59,1.201,5.2,22,5,1:0.37:0.22,2513,9182.17,10.0,81.9668936286936,2.3,4.8,1.6,False,False,False,False,False
174569,2020-09-29,Stout,Cans,HSR Layout,11,22.4,4.54,1.315,7.5,52,17,1:0.22:0.38,2703,12188.02,9.5,76.4066153547823,2.1,4.1,1.5,False,False,False,False,False
174570,2020-09-29,Stout,Bottles,HSR Layout,7,17.5,4.56,1.31,7.7,58,16,1:0.21:0.29,3437,16719.16,10.0,79.497671775207,3.1,3.2,3.0,False,False,False,False,False
174571,2020-09-30,Ale,Pints,Malleswaram,13,19.8,4.16,1.276,6.9,47,12,1:0.25:0.15,2004,10234.09,8.9,79.61326505675783,3.2,3.5,1.5,False,False,False,False,False
174572,2020-10-01,Pilsner,Kegs,Indiranagar,23,14.9,4.41,1.213,5.3,26,11,1:0.2:0.26,3528,24169.69,9.2,80.35880443739595,1.6,4.0,5.0,False,False,False,False,False
174573,2020-10-01,Ale,Bottles,Indiranagar,12,19.2,4.58,1.227,5.6,45,13,1:0.38:0.24,5000,20455.41,10.0,79.50413226047792,2.5,4.1,2.7,False,False,False,False,False
174574,2020-10-02,Ale,Cans,Indiranagar,7,18.0,4.24,1.214,5.0,38,14,1:0.23:0.19,5000,23398.04,8.8,75.09323912461461,3.1,3.0,2.6,False,False,False,False,False
174575,2020-10-02,Pilsner,Kegs,HSR Layout,24,11.7,4.86,1.195,4.7,37,7,1:0.27:0.22,2048,15680.62,9.6,76.3844248575707,1.7,3.1,3.9,False,False,False,False,False
174576,2020-10-02,IPA,Kegs,Rajajinagar,11,21.3,4.95,1.284,7.0,55,12,1:0.43:0.14,1682,17407.74,10.0,79.16491195574727,2.5,6.4,3.8,False,False,False,False,False
174577,2020-10-03,Wheat Beer,Cans,Malleswaram,13,18.7,4.49,1.169,4.0,23,9,1:0.25:0.27,1500,11161.36,10.0,76.25793592937973,4.1,2.0,2.6,False,False,False,False,False
174578,2020-10-04,Stout,Bottles,Indiranagar,8,20.5,4.51,1.242,6.1,41,19,1:0.22:0.28,2619,23868.9,9.9,80.36577805115778,1.5,2.3,1.5,False,False,False,False,False
174579,2020-10-05,Stout,Pints,Indiranagar,9,19.5,4.96,1.306,7.7,52,19,1:0.25:0.25,4600,25466.91,9.6,80.47557664175007,4.1,5.9,1.5,False,False,False,False,False
174580,2020-10-05,Pilsner,Pints,Yelahanka,19,12.0,4.67,1.203,5.0,23,8,1:0.31:0.21,1585,8962.35,9.7,78.09034117778347,1.8,3.3,3.6,False,False,False,False,False
174581,2020-10-06,IPA,Bottles,Indiranagar,13,19.8,4.47,1.244,5.8,54,11,1:0.5:0.13,4577,23727.03,9.8,76.55960646194178,5.3,4.6,4.9,False,False,False,False,False
174582,2020-10-06,Ale,Pints,Jayanagar,8,19.5,4.78,1.247,5.9,33,15,1:0.4:0.23,2951,12017.46,9.1,76.72060909418623,2.2,3.3,1.8,False,False,False,False,False
174583,2020-10-06,IPA,Pints,Yelahanka,10,21.7,4.45,1.268,6.4,53,11,1:0.35:0.16,2642,13698.02,9.9,76.99285221210513,3.6,4.5,3.8,False,False,False,False,False
174584,2020-10-09,Ale,Kegs,Yelahanka,8,20.2,5.18,1.253,5.8,32,11,1:0.34:0.25,2585,11197.97,9.2,72.90840649727235,3.8,3.9,3.6,False,False,False,False,False
174585,2020-10-09,Wheat Beer,Cans,Yelahanka,9,22.2,4.24,1.187,4.2,22,5,1:0.21:0.22,1841,7749.11,9.5,71.79910404132632,2.8,4.2,4.2,False,False,False,False,False
174586,2020-10-09,Pilsner,Bottles,Koramangala,19,9.6,4.5,1.186,4.5,34,7,1:0.3:0.28,2441,17366.65,9.4,77.81127209745482,2.7,2.9,2.4,False,False,False,False,False
174587,2020-10-09,Porter,Bottles,Yelahanka,7,17.7,4.66,1.224,5.5,29,16,1:0.23:0.36,1350,10100.39,9.9,78.49808740048593,2.4,2.0,2.4,False,False,False,False,False
174588,2020-10-09,Lager,Kegs,Rajajinagar,24,13.8,4.27,1.21,5.4,34,6,1:0.32:0.17,2146,9717.6,9.6,82.27618668551355,1.5,3.3,3.5,False,False,False,False,False
174589,2020-10-09,Sour,Bottles,Jayanagar,8,19.7,3.4,1.204,5.2,21,13,1:0.33:0.22,3357,11568.71,9.7,80.71667844342248,1.5,3.7,4.1,False,True,False,False,False
174590,2020-10-09,IPA,Bottles,Jayanagar,11,19.4,4.85,1.271,6.6,46,13,1:0.44:0.17,3920,15466.57,9.8,78.07081297917948,3.8,2.0,3.5,False,False,False,False,False
174591,2020-10-10,Pilsner,Bottles,Electronic City,25,11.5,4.43,1.2,4.9,25,5,1:0.33:0.27,1774,10805.12,10.0,78.67824747915598,1.5,3.7,3.3,False,False,False,False,False
174592,2020-10-10,Sour,Pints,Whitefield,10,17.3,3.3,1.195,4.9,21,13,1:0.33:0.28,3138,16465.89,9.6,79.85171780474512,2.1,2.7,4.4,False,True,False,False,False
174593,2020-10-10,IPA,Kegs,HSR Layout,9,19.9,4.24,1.267,6.7,55,11,1:0.43:0.13,3743,21063.83,10.0,79.7854169392249,2.5,4.4,4.1,False,False,False,False,False
174594,2020-10-12,Wheat Beer,Bottles,Malleswaram,10,22.8,4.76,1.2,5.0,19,7,1:0.29:0.22,1378,8560.25,9.4,80.00750537398987,2.2,4.5,2.5,False,False,False,False,False
174595,2020-10-14,Porter,Cans,Koramangala,10,21.7,4.41,1.27,6.3,36,15,1:0.27:0.22,3218,24913.98,9.4,74.47547785900716,2.1,2.9,2.2,False,False,False,False,False
174596,2020-10-14,Ale,Pints,Whitefield,12,23.2,4.91,1.255,6.7,41,10,1:0.26:0.25,3434,19749.4,9.2,84.14335810916589,1.5,3.7,3.0,False,False,False,False,False
174597,2020-10-15,Porter,Pints,Marathahalli,7,20.7,4.4,1.256,6.2,38,17,1:0.22:0.23,2339,12002.26,9.2,77.28712257560359,1.9,5.0,2.7,False,False,False,False,False
174598,2020-10-15,Porter,Kegs,Electronic City,10,17.9,4.93,1.248,6.0,27,17,1:0.25:0.39,2376,13857.24,9.0,77.96252144104967,2.6,3.9,4.0,False,False,False,False,False
174599,2020-10-15,Porter,Cans,Indiranagar,10,21.1,4.52,1.233,5.9,34,17,1:0.25:0.38,3521,24771.7,9.6,80.8658455804948,2.1,2.0,2.6,False,False,False,False,False
174600,2020-10-16,IPA,Bottles,Whitefield,12,16.9,4.7,1.256,6.4,45,10,1:0.47:0.13,4696,22499.83,10.0,79.59993576212766,3.4,2.4,4.0,False,False,False,False,False
174601,2020-10-16,Pilsner,Cans,Yelahanka,24,10.4,4.65,1.207,5.2,22,5,1:0.36:0.2,2062,7631.58,10.0,80.2409855077488,3.4,5.0,4.4,False,False,False,False,False
174602,2020-10-16,Ale,Cans,Whitefield,8,18.8,4.52,1.242,6.0,46,10,1:0.36:0.25,3738,21823.46,10.0,78.92870452718614,3.3,2.0,3.4,False,False,False,False,False
174603,2020-10-19,Porter,Bottles,Whitefield,12,18.9,4.53,1.236,5.5,43,15,1:0.23:0.22,3103,17431.84,9.8,74.26871994205472,1.5,3.4,1.5,False,False,False,False,False
174604,2020-10-20,Porter,Cans,Jayanagar,12,22.6,4.22,1.254,6.0,44,13,1:0.3:0.23,2437,12638.07,9.0,75.44359225865514,2.8,4.5,3.4,False,False,False,False,False
174605,2020-10-20,Ale,Cans,Electronic City,9,19.2,5.43,1.235,5.5,31,17,1:0.39:0.27,1724,13942.45,9.2,75.18477590615538,2.7,5.2,2.7,False,True,False,False,False
174606,2020-10-20,Ale,Kegs,Marathahalli,13,18.7,4.32,1.276,6.7,45,17,1:0.34:0.3,2603,11313.04,10.0,78.2696243892422,1.8,3.9,3.3,False,False,False,False,False
174607,2020-10-21,IPA,Bottles,Koramangala,13,19.3,4.56,1.243,6.1,45,10,1:0.49:0.18,5000,26745.39,10.0,80.00997517727383,3.0,4.7,3.3,False,False,False,False,False
174608,2020-10-22,Lager,Pints,Marathahalli,21,11.8,4.37,1.173,4.3,24,11,1:0.27:0.26,1947,8552.77,9.3,79.74299450312962,1.5,5.4,2.9,False,False,False,False,False
174609,2020-10-23,Wheat Beer,Pints,Rajajinagar,11,20.2,4.33,1.203,5.0,21,6,1:0.2:0.21,2282,10158.99,9.4,79.383141264241,4.6,5.8,1.5,False,False,False,False,False
174610,2020-10-25,IPA,Pints,Jayanagar,11,24.2,4.37,1.298,7.5,50,14,1:0.39:0.17,3658,17608.09,9.3,80.58192049647768,3.6,4.6,2.9,False,False,False,False,False
174611,2020-10-27,Lager,Bottles,Electronic City,20,8.7,4.94,1.187,4.4,22,8,1:0.33:0.22,2194,11738.21,10.0,75.48710653846034,4.8,4.8,1.9,False,False,False,False,False
174612,2020-10-27,Porter,Pints,Marathahalli,10,21.0,4.16,1.25,6.3,37,15,1:0.28:0.39,2921,10838.54,10.0,80.53336607618132,3.0,4.8,2.6,False,False,False,False,False
174613,2020-10-28,Ale,Pints,Marathahalli,9,21.3,4.23,1.221,5.4,43,14,1:0.22:0.15,2225,14649.78,10.0,78.23049400335788,3.5,5.8,4.6,False,False,False,False,False
174614,2020-10-29,Porter,Kegs,Koramangala,8,19.2,4.38,1.248,6.3,43,16,1:0.2:0.38,3887,24460.47,9.8,81.96220918180451,2.2,3.9,3.1,False,False,False,False,False
174615,2020-10-29,Pilsner,Bottles,Indiranagar,19,12.4,4.5,1.216,5.5,38,7,1:0.31:0.28,2931,20394.21,9.9,81.43229264186768,2.7,3.7,2.5,False,False,False,False,False
174616,2020-10-29,Ale,Kegs,Marathahalli,7,20.4,4.25,1.223,5.5,33,15,1:0.24:0.11,2443,10153.89,9.3,78.59547359317905,1.5,2.0,4.6,False,False,False,False,False
174617,2020-10-30,Stout,Kegs,Electronic City,9,19.3,4.61,1.267,6.4,51,16,1:0.28:0.38,1781,13641.67,10.0,76.65557794690066,3.4,4.9,3.4,False,False,False,False,False
174618,2020-10-30,IPA,Kegs,Malleswaram,10,19.7,4.48,1.283,6.7,59,13,1:0.36:0.14,2923,13166.63,10.0,75.38459267700128,1.9,2.8,4.8,False,False,False,False,False
174619,2020-10-30,Sour,Pints,HSR Layout,9,18.5,3.29,1.189,4.7,33,11,1:0.23:0.29,2215,15555.37,10.0,79.7836516431191,2.2,2.0,1.9,False,True,False,False,False
174620,2020-10-30,Sour,Bottles,Electronic City,12,21.3,3.48,1.185,4.8,29,10,1:0.26:0.2,2566,11724.82,9.6,82.76361781253318,3.2,3.4,3.8,False,True,False,False,False
174621,2020-10-30,IPA,Pints,Indiranagar,7,16.9,4.48,1.272,7.0,56,13,1:0.32:0.19,4566,32154.89,10.0,82.442255944321,1.5,2.1,2.8,False,False,False,False,False
174622,2020-11-01,Sour,Bottles,Rajajinagar,11,21.8,3.52,1.21,5.3,36,12,1:0.23:0.19,1672,9494.56,9.5,80.1888322376679,1.5,3.9,4.7,False,True,False,False,False
174623,2020-11-02,Ale,Kegs,Marathahalli,12,20.5,4.68,1.261,6.0,40,12,1:0.33:0.25,2377,11572.04,8.6,73.22440161202641,1.9,5.6,4.1,False,False,False,False,False
174624,2020-11-02,Sour,Bottles,Malleswaram,9,22.4,3.53,1.183,4.5,30,12,1:0.39:0.18,2228,11580.05,9.3,77.7200286835474,2.6,5.1,3.1,False,True,False,False,False
174625,2020-11-03,Wheat Beer,Pints,Koramangala,10,18.4,4.13,1.204,5.3,24,7,1:0.35:0.13,2772,13990.17,9.8,82.7298089001083,1.8,2.3,2.7,False,False,False,False,False
174626,2020-11-03,Stout,Bottles,Electronic City,8,24.1,4.24,1.244,6.1,52,18,1:0.24:0.22,2640,10757.36,9.0,80.34834669541469,1.8,3.2,4.1,False,False,False,False,False
174627,2020-11-03,Sour,Cans,Indiranagar,8,21.4,3.61,1.2,5.2,24,10,1:0.3:0.18,4229,16560.64,8.0,83.01864613184544,1.5,5.6,2.1,False,False,False,False,False
174628,2020-11-04,Sour,Cans,Indiranagar,12,19.3,3.27,1.198,4.6,23,14,1:0.39:0.11,2947,25099.22,9.3,73.82909679033439,2.8,3.3,2.9,False,True,False,False,False
174629,2020-11-05,Stout,Pints,HSR Layout,13,19.3,4.53,1.287,7.0,56,19,1:0.24:0.29,3820,19112.54,9.7,78.69381839210706,2.9,3.0,3.8,False,False,False,False,False
174630,2020-11-06,Wheat Beer,Cans,Whitefield,11,17.9,4.18,1.202,5.1,26,6,1:0.39:0.27,2230,11386.79,10.0,81.16046192367818,2.1,5.0,4.4,False,False,False,False,False
174631,2020-11-06,Pilsner,Kegs,Rajajinagar,18,12.4,4.34,1.231,5.7,37,6,1:0.22:0.24,2655,9971.33,8.8,79.07198353555486,1.5,5.9,1.7,False,False,False,False,False
174632,2020-11-06,Lager,Cans,Whitefield,24,11.0,4.77,1.174,4.2,15,11,1:0.31:0.3,3512,16511.4,9.7,77.94564531688162,1.5,2.2,4.1,False,False,False,False,False
174633,2020-11-07,Lager,Kegs,HSR Layout,20,10.6,4.51,1.17,4.3,19,9,1:0.27:0.18,1497,12749.1,8.2,81.14856471299512,2.4,2.3,3.1,False,False,False,False,False
174634,2020-11-09,Ale,Bottles,Electronic City,10,20.8,5.0,1.244,5.7,43,15,1:0.24:0.12,2292,10062.83,9.1,75.47736521464475,2.0,3.3,2.2,False,False,False,False,False
174635,2020-11-09,Lager,Kegs,Electronic City,21,13.2,4.66,1.211,5.1,27,8,1:0.37:0.19,2245,9208.53,9.4,77.64639355359746,3.6,2.6,2.8,False,False,False,False,False
174636,2020-11-09,IPA,Bottles,Yelahanka,10,18.6,4.22,1.268,6.5,46,13,1:0.43:0.16,1912,10357.63,10.0,77.24938428785597,1.8,5.2,3.9,False,False,False,False,False
174637,2020-11-10,Stout,Pints,Koramangala,11,20.1,4.88,1.241,5.9,43,15,1:0.26:0.2,4657,22833.11,9.3,77.93261783041618,1.8,5.1,2.7,False,False,False,False,False
174638,2020-11-10,Stout,Kegs,Koramangala,7,20.7,3.98,1.241,6.1,52,16,1:0.28:0.25,3344,22501.08,9.8,81.06730730038436,1.8,2.0,4.2,False,False,False,False,False
174639,2020-11-11,Lager,Kegs,Whitefield,23,14.4,4.94,1.18,4.3,21,9,1:0.23:0.21,3061,15042.42,9.5,77.36204099594221,3.3,3.2,3.5,False,False,False,False,False
174640,2020-11-12,Pilsner,Pints,Malleswaram,23,12.9,4.74,1.189,4.6,26,8,1:0.21:0.25,1697,10296.8,9.0,78.081608095977,2.1,5.3,2.3,False,False,False,False,False
174641,2020-11-12,Stout,Cans,Koramangala,9,17.9,4.64,1.264,6.8,52,16,1:0.22:0.24,4575,23311.29,9.7,82.55074294551238,1.7,3.1,2.8,False,False,False,False,False
174642,2020-11-12,Porter,Pints,Rajajinagar,13,20.3,4.95,1.239,5.6,29,12,1:0.29:0.27,2635,13170.5,9.7,75.02244725423385,1.8,3.9,1.6,False,False,False,False,False
174643,2020-11-13,Lager,Bottles,Marathahalli,21,12.2,4.82,1.17,4.1,15,8,1:0.23:0.28,1658,10978.16,9.9,77.80049452353668,3.6,2.0,4.4,False,False,False,False,False
174644,2020-11-13,Pilsner,Kegs,Malleswaram,14,17.2,4.62,1.197,4.9,32,5,1:0.2:0.27,1053,10811.19,8.7,79.39885954359664,1.5,3.4,3.2,False,False,False,False,False
174645,2020-11-16,Wheat Beer,Bottles,Jayanagar,9,22.3,4.91,1.207,5.0,19,8,1:0.23:0.13,2056,7970.12,9.1,77.90463375828054,3.1,4.7,2.0,False,False,False,False,False
174646,2020-11-16,Pilsner,Bottles,Rajajinagar,25,12.7,4.41,1.192,4.7,32,6,1:0.25:0.13,1575,11523.7,10.0,78.55125445575503,2.1,2.6,2.4,False,False,False,False,False
174647,2020-11-18,Lager,Kegs,Whitefield,21,13.5,4.35,1.178,4.5,18,8,1:0.33:0.11,3325,14808.6,9.5,81.36311655830748,2.6,3.1,4.4,False,False,False,False,False
174648,2020-11-19,Lager,Bottles,Indiranagar,25,14.8,4.34,1.192,4.9,30,11,1:0.2:0.26,4209,22621.29,9.6,81.2503064052721,2.5,3.5,3.2,False,False,False,False,False
174649,2020-11-20,Sour,Pints,Electronic City,7,18.0,3.65,1.189,4.4,31,10,1:0.25:0.16,2310,11591.6,10.0,75.13355829113361,1.7,5.1,2.1,False,False,False,False,False
174650,2020-11-20,Stout,Kegs,Electronic City,8,20.7,5.09,1.283,6.9,46,18,1:0.22:0.21,3584,14010.51,9.6,77.4628115023873,1.5,2.2,1.9,False,False,False,False,False
174651,2020-11-20,Stout,Kegs,Koramangala,7,20.3,4.4,1.261,6.4,59,18,1:0.27:0.31,3909,25282.14,9.6,78.2794735527156,2.4,4.5,4.2,False,False,False,False,False
174652,2020-11-20,Porter,Bottles,Yelahanka,8,21.4,4.75,1.256,6.1,42,14,1:0.27:0.3,2649,11719.06,8.6,76.33396395669547,1.5,4.7,2.5,False,False,False,False,False
174653,2020-11-20,Lager,Bottles,Marathahalli,25,12.0,3.93,1.187,4.7,16,11,1:0.36:0.2,2554,12381.83,9.9,81.16152437797899,2.7,2.4,3.1,False,False,False,False,False
174654,2020-11-20,Sour,Kegs,Whitefield,13,22.2,3.44,1.215,5.3,37,13,1:0.22:0.2,3116,12634.15,9.4,77.97862976617938,2.3,4.0,2.9,False,True,False,False,False
174655,2020-11-24,IPA,Kegs,Rajajinagar,11,22.3,4.77,1.28,6.4,54,15,1:0.49:0.1,1472,11197.34,8.9,73.32964157531278,3.5,5.5,3.3,False,False,False,False,False
174656,2020-11-25,Stout,Pints,Electronic City,10,17.6,4.59,1.247,6.2,50,15,1:0.28:0.37,2975,12489.34,9.5,80.66983523403897,3.5,3.8,3.8,False,False,False,False,False
174657,2020-11-25,Wheat Beer,Kegs,Indiranagar,10,22.8,4.79,1.166,4.5,24,9,1:0.3:0.19,3321,18332.44,9.1,87.1504223480468,2.2,4.6,2.5,False,False,False,False,True
174658,2020-11-26,Pilsner,Kegs,Marathahalli,25,13.3,4.42,1.212,5.1,21,10,1:0.39:0.11,1889,10836.55,10.0,76.63088463922733,2.0,3.6,3.1,False,False,False,False,False
174659,2020-11-26,IPA,Kegs,Indiranagar,10,19.2,4.91,1.287,6.9,48,13,1:0.4:0.14,4671,22793.79,9.4,77.24769738531582,2.6,3.7,4.8,False,False,False,False,False
174660,2020-11-30,Stout,Kegs,Yelahanka,8,17.9,4.44,1.281,7.2,41,15,1:0.27:0.3,2962,11824.96,9.7,82.0979691959779,1.9,2.0,2.9,False,False,False,False,False
174661,2020-11-30,Stout,Cans,Yelahanka,11,18.0,4.7,1.309,8.2,45,18,1:0.29:0.21,2398,9188.7,9.7,85.18453399228952,3.2,4.1,3.0,False,False,False,False,False
174662,2020-12-01,Porter,Pints,Jayanagar,10,19.8,4.29,1.248,5.9,26,16,1:0.21:0.32,4931,22268.83,9.3,75.6381527210989,1.5,3.9,2.0,False,False,False,False,False
174663,2020-12-01,Lager,Bottles,Electronic City,19,15.8,4.33,1.198,5.1,31,6,1:0.21:0.16,2144,12427.9,9.6,82.08326236898225,2.7,3.8,2.6,False,False,False,False,False
174664,2020-12-02,Pilsner,Bottles,Electronic City,24,10.5,4.67,1.205,5.2,33,5,1:0.33:0.21,2174,11992.49,9.5,81.53378141664764,2.4,4.6,4.1,False,False,False,False,False
174665,2020-12-03,Pilsner,Cans,Indiranagar,23,12.0,4.93,1.229,5.6,27,11,1:0.27:0.3,3923,18934.36,10.0,77.88612584130301,1.5,4.1,3.8,False,False,False,False,False
174666,2020-12-04,Stout,Bottles,Marathahalli,7,21.5,4.41,1.302,7.6,52,19,1:0.25:0.29,3309,14979.12,9.4,80.95416454024189,1.5,2.6,2.7,False,False,False,False,False
174667,2020-12-04,Ale,Bottles,Marathahalli,13,19.9,4.71,1.238,6.1,42,15,1:0.32:0.12,1001,8185.82,9.3,81.74773957464782,2.0,5.5,1.9,False,False,False,False,False
174668,2020-12-04,IPA,Kegs,Electronic City,11,22.6,4.83,1.285,7.0,47,16,1:0.44:0.19,1685,11408.99,8.5,78.51580924502399,1.8,6.7,3.9,False,False,False,False,False
174669,2020-12-04,Porter,Pints,Rajajinagar,13,21.0,4.53,1.263,6.6,42,15,1:0.27:0.35,3118,16186.5,9.4,80.8395971275421,1.5,4.7,2.4,False,False,False,False,False
174670,2020-12-04,Stout,Cans,Marathahalli,7,23.2,4.69,1.262,6.3,57,18,1:0.27:0.24,2654,13591.75,8.2,77.40755116729042,4.7,2.4,2.5,False,False,False,False,False
174671,2020-12-05,Lager,Cans,Yelahanka,23,11.5,4.09,1.203,5.0,20,7,1:0.29:0.15,1992,7545.6,10.0,78.19441857856332,2.4,3.1,3.1,False,False,False,False,False
174672,2020-12-06,Stout,Pints,Malleswaram,13,23.3,4.77,1.256,6.2,48,18,1:0.23:0.29,2778,12827.1,9.0,77.79810575235396,1.5,5.4,3.1,False,False,False,False,False
174673,2020-12-07,Sour,Pints,Jayanagar,11,20.4,3.76,1.227,5.9,39,13,1:0.28:0.12,2785,11689.84,7.9,83.06858436508786,1.5,3.6,2.1,False,False,False,False,False
174674,2020-12-07,IPA,Cans,Electronic City,9,17.9,4.44,1.273,7.1,51,11,1:0.39:0.17,1059,9821.91,8.4,82.88270648486757,1.5,2.0,2.0,False,False,False,False,False
174675,2020-12-07,Porter,Cans,Indiranagar,13,19.7,4.54,1.261,6.4,35,17,1:0.24:0.23,5000,31078.17,9.5,78.41261712239674,3.1,5.1,1.5,False,False,False,False,False
174676,2020-12-07,IPA,Pints,Marathahalli,8,19.6,4.45,1.241,5.8,45,13,1:0.48:0.11,1589,9726.65,10.0,77.39585402585138,2.5,5.7,2.6,False,False,False,False,False
174677,2020-12-07,Wheat Beer,Cans,Marathahalli,10,18.1,4.68,1.17,4.0,22,9,1:0.37:0.12,1224,7377.17,9.7,75.67526294989591,2.7,3.6,2.2,False,False,False,False,False
174678,2020-12-08,Ale,Bottles,Whitefield,8,20.9,3.92,1.223,5.5,39,12,1:0.22:0.25,3293,16269.11,10.0,78.68548175042308,1.8,4.2,3.5,False,False,False,False,False
174679,2020-12-09,Pilsner,Cans,Rajajinagar,21,11.4,4.93,1.21,4.9,38,9,1:0.36:0.21,2194,9734.21,8.7,74.7967853602252,3.5,3.0,3.1,False,False,False,False,False
174680,2020-12-10,Pilsner,Cans,Electronic City,20,13.3,4.46,1.211,4.9,33,7,1:0.32:0.21,1937,9673.78,9.8,74.40691586226237,1.7,3.8,1.5,False,False,False,False,False
174681,2020-12-11,Ale,Kegs,Jayanagar,10,20.4,3.85,1.235,5.4,34,11,1:0.27:0.12,2044,12400.71,9.6,73.6068324175829,5.0,3.3,3.1,False,False,False,False,False
174682,2020-12-11,Pilsner,Pints,Rajajinagar,26,11.7,4.22,1.212,5.1,30,11,1:0.27:0.23,2167,13855.94,9.7,76.7087129289274,4.4,3.0,2.7,False,False,False,False,False
174683,2020-12-11,Wheat Beer,Pints,Whitefield,10,20.3,3.99,1.215,5.3,15,9,1:0.35:0.27,1811,11506.89,9.4,78.50300740162488,2.4,5.9,1.6,False,False,False,False,False
174684,2020-12-11,Wheat Beer,Cans,Indiranagar,8,18.7,4.28,1.209,5.1,23,8,1:0.34:0.29,2640,15856.18,9.4,78.17901585899708,2.9,2.6,2.9,False,False,False,False,False
174685,2020-12-11,Pilsner,Pints,Rajajinagar,23,13.0,4.17,1.217,5.2,36,6,1:0.32:0.17,2341,11628.48,9.6,76.13533572405359,2.1,4.1,2.8,False,False,False,False,False
174686,2020-12-11,Wheat Beer,Pints,Electronic City,11,16.1,4.4,1.207,5.0,24,8,1:0.32:0.14,1768,7207.54,8.7,76.52772351177367,3.8,2.0,1.9,False,False,False,False,False
174687,2020-12-11,Stout,Pints,HSR Layout,12,18.6,3.53,1.32,8.0,54,17,1:0.27:0.24,4078,22126.19,9.8,79.78663265196283,2.1,2.0,3.2,False,True,False,False,False
174688,2020-12-11,Lager,Pints,Electronic City,22,11.9,4.53,1.219,5.4,26,11,1:0.22:0.27,2298,11712.35,10.0,79.22914889161729,3.1,4.3,4.5,False,False,False,False,False
174689,2020-12-13,Pilsner,Cans,HSR Layout,21,12.2,4.14,1.223,5.6,30,6,1:0.27:0.25,3654,11779.48,9.9,79.97199068826356,2.2,3.3,3.3,False,False,False,False,False
174690,2020-12-14,Sour,Bottles,HSR Layout,10,17.9,3.43,1.214,5.2,22,12,1:0.31:0.26,1841,12032.46,10.0,77.41125858914829,3.2,4.2,3.2,False,True,False,False,False
174691,2020-12-14,Stout,Kegs,HSR Layout,7,19.0,4.87,1.271,6.5,50,18,1:0.28:0.39,4506,23721.36,9.9,76.29088994833515,3.7,2.3,4.1,False,False,False,False,False
174692,2020-12-14,Sour,Cans,Whitefield,7,19.5,3.9,1.18,4.4,31,12,1:0.36:0.22,2895,15382.31,9.7,78.79576064096227,3.5,2.8,1.7,False,False,False,False,False
174693,2020-12-15,IPA,Pints,Jayanagar,12,19.2,4.6,1.251,6.2,51,12,1:0.43:0.1,2316,9978.75,10.0,79.38074510649858,4.7,4.7,3.1,False,False,False,False,False
174694,2020-12-16,Lager,Cans,Malleswaram,20,12.0,4.31,1.181,4.7,33,11,1:0.39:0.27,1699,10687.1,9.6,82.22997288314217,2.6,2.0,3.6,False,False,False,False,False
174695,2020-12-17,Porter,Bottles,Indiranagar,13,19.2,4.81,1.246,5.8,33,17,1:0.23:0.24,4587,31634.0,9.4,75.14275935056156,4.3,3.8,2.3,False,False,False,False,False
174696,2020-12-18,Pilsner,Bottles,Yelahanka,20,13.6,5.16,1.217,5.3,27,11,1:0.34:0.16,2023,7448.14,9.7,77.73052339538827,2.6,2.0,1.6,False,False,False,False,False
174697,2020-12-18,Ale,Bottles,Koramangala,12,22.9,4.41,1.224,5.5,35,13,1:0.27:0.1,3942,15535.37,9.6,78.40363465142934,2.3,4.6,3.1,False,False,False,False,False
174698,2020-12-22,Sour,Bottles,Rajajinagar,9,19.8,3.97,1.19,4.8,33,13,1:0.37:0.21,1766,9453.71,10.0,80.9904048110837,1.8,3.0,3.0,False,False,False,False,False
174699,2020-12-22,IPA,Kegs,Rajajinagar,13,18.3,4.45,1.243,5.9,53,13,1:0.38:0.11,1926,11077.59,10.0,77.93335283003756,2.0,4.9,3.7,False,False,False,False,False
174700,2020-12-23,Stout,Cans,Electronic City,7,20.3,4.45,1.27,6.7,47,15,1:0.26:0.21,2368,16542.16,9.7,79.03142200605419,2.0,2.4,2.2,False,False,False,False,False
174701,2020-12-23,IPA,Cans,Yelahanka,11,22.1,4.63,1.277,7.0,46,11,1:0.45:0.12,2152,9048.84,8.9,80.60487014984537,1.5,3.8,3.3,False,False,False,False,False
174702,2020-12-24,Pilsner,Bottles,Electronic City,23,12.7,4.67,1.226,5.9,38,7,1:0.28:0.17,2318,9317.91,9.8,83.87952907997416,2.3,3.1,3.8,False,False,False,False,False
174703,2020-12-24,Porter,Kegs,Indiranagar,13,21.5,4.8,1.252,6.1,36,13,1:0.24:0.34,5000,35550.25,9.0,77.46863335993687,4.1,5.4,1.9,False,False,False,False,False
174704,2020-12-25,Lager,Bottles,Jayanagar,18,10.7,4.65,1.193,4.5,30,6,1:0.36:0.21,2616,12719.79,10.0,73.98801793607137,3.8,4.4,2.7,False,False,False,False,False
174705,2020-12-25,IPA,Kegs,Malleswaram,11,15.3,5.05,1.265,6.2,51,17,1:0.32:0.11,1839,7711.19,8.1,75.11704615326,2.3,3.6,2.5,False,False,False,False,False
174706,2020-12-25,Stout,Cans,Koramangala,13,19.2,4.98,1.289,7.5,46,15,1:0.22:0.32,4330,30306.14,10.0,82.73779335659692,1.5,4.3,2.5,False,False,False,False,False
174707,2020-12-26,Porter,Kegs,Whitefield,10,18.9,4.43,1.23,5.5,31,17,1:0.27:0.25,3319,24918.06,10.0,75.92697771379144,2.6,2.6,4.2,False,False,False,False,False
174708,2020-12-29,Porter,Cans,Indiranagar,13,18.2,4.31,1.242,5.7,42,17,1:0.27:0.3,4556,39049.82,9.8,74.82773046808526,2.2,3.2,3.0,False,False,False,False,False
174709,2020-12-29,Porter,Kegs,Yelahanka,8,23.5,4.14,1.267,6.8,35,15,1:0.24:0.25,2327,11547.15,8.9,81.54257045643021,1.5,3.3,4.0,False,False,False,False,False
174710,2020-12-30,IPA,Bottles,Malleswaram,12,19.4,4.49,1.283,6.5,54,11,1:0.45:0.11,1456,8063.57,9.0,73.2118722022765,3.7,3.6,1.5,False,False,False,False,False
174711,2020-12-30,Lager,Pints,HSR Layout,20,13.7,4.5,1.208,5.1,26,7,1:0.29:0.16,2778,16925.73,10.0,78.0085508591018,3.2,2.7,2.3,False,False,False,False,False
174712,2020-12-30,IPA,Bottles,Jayanagar,12,19.1,4.57,1.254,6.4,55,14,1:0.44:0.15,2262,10278.13,10.0,80.67576563434423,3.1,2.0,1.9,False,False,False,False,False
174713,2020-12-30,Lager,Kegs,Electronic City,21,14.4,4.17,1.195,4.9,25,6,1:0.33:0.11,3045,12173.03,8.6,80.44169040847346,3.7,5.0,3.9,False,False,False,False,False
